time,cycle,altitude,north_pos,east_pos,forward_vel,side_vel,vertical_vel,total_vel,roll_angle,pitch_angle,yaw_angle,roll_rate,pitch_rate,yaw_rate,aileron,elevator,rudder,throttle,aoa,sideslip,g_force,heading_deg,bank_deg,pitch_deg,aoa_deg,slip_deg
0.050000,10,1000.076205,2.750598,0.000000,55.065925,-0.000001,0.264076,55.066559,0.000000,0.030095,0.000000,0.000002,0.002608,0.000001,0.000072,0.048803,0.000036,0.724701,-0.004796,-0.000000,0.656160,0.000001,0.000003,1.724304,-0.274768,-0.000001
0.100000,20,1000.138733,5.504922,0.000000,55.132440,-0.000004,0.564652,55.135331,0.000000,0.030228,0.000000,0.000006,0.002665,0.000002,0.000152,0.047302,0.000076,0.724358,-0.010241,-0.000000,0.490148,0.000005,0.000015,1.731950,-0.586788,-0.000004
0.150000,30,1000.185752,8.263059,0.000000,55.199480,-0.000012,0.904149,55.206884,0.000001,0.030359,0.000000,0.000010,0.002575,0.000004,0.000232,0.045613,0.000115,0.724002,-0.016378,-0.000000,0.386437,0.000013,0.000039,1.739462,-0.938402,-0.000012
0.200000,40,1000.215186,11.025101,0.000000,55.266932,-0.000023,1.287633,55.281930,0.000001,0.030485,0.000000,0.000014,0.002466,0.000006,0.000312,0.043711,0.000154,0.723629,-0.023294,-0.000000,0.302863,0.000027,0.000074,1.746684,-1.334660,-0.000024
0.250000,50,1000.224679,13.791140,0.000000,55.334610,-0.000037,1.720987,55.361367,0.000002,0.030606,0.000001,0.000018,0.002344,0.000007,0.000392,0.041568,0.000192,0.723234,-0.031091,-0.000001,0.232023,0.000045,0.000121,1.753575,-1.781408,-0.000038
0.300000,60,1000.211559,16.561266,0.000000,55.402229,-0.000054,2.210919,55.446327,0.000003,0.030719,0.000001,0.000022,0.002208,0.000009,0.000472,0.039151,0.000231,0.722812,-0.039886,-0.000001,0.193513,0.000068,0.000180,1.760096,-2.285272,-0.000056
0.350000,70,1000.172792,19.335566,0.000001,55.469370,-0.000074,2.765074,55.538245,0.000004,0.030826,0.000002,0.000026,0.002055,0.000011,0.000552,0.036423,0.000269,0.722357,-0.049807,-0.000001,0.216731,0.000097,0.000250,1.766202,-2.853756,-0.000076
0.400000,80,1000.104936,22.114112,0.000001,55.535436,-0.000095,3.392179,55.638939,0.000006,0.030925,0.000002,0.000030,0.001884,0.000012,0.000632,0.033342,0.000307,0.721858,-0.061006,-0.000002,0.300978,0.000129,0.000331,1.771845,-3.495361,-0.000098
0.450000,90,1000.004074,24.896956,0.000002,55.599591,-0.000117,4.102225,55.750720,0.000007,0.031014,0.000003,0.000034,0.001692,0.000014,0.000712,0.029860,0.000345,0.721305,-0.073648,-0.000002,0.430810,0.000167,0.000423,1.776968,-4.219727,-0.000121
0.500000,100,999.865752,27.684117,0.000003,55.660682,-0.000140,4.906677,55.876533,0.000009,0.031093,0.000004,0.000038,0.001477,0.000015,0.000792,0.025922,0.000382,0.720684,-0.087926,-0.000003,0.596175,0.000209,0.000527,1.781507,-5.037794,-0.000144
0.550000,110,999.684896,30.475568,0.000004,55.717133,-0.000163,5.818741,56.020145,0.000011,0.031161,0.000004,0.000041,0.001236,0.000017,0.000872,0.021462,0.000420,0.719976,-0.104056,-0.000003,0.793599,0.000256,0.000641,1.785393,-5.961993,-0.000168
0.600000,120,999.455712,33.271207,0.000005,55.766804,-0.000185,6.853696,56.186383,0.000013,0.031216,0.000005,0.000045,0.000965,0.000019,0.000952,0.016409,0.000458,0.719157,-0.122286,-0.000003,1.023740,0.000307,0.000766,1.788546,-7.006471,-0.000190
0.650000,130,999.171577,36.070836,0.000006,55.806806,-0.000205,8.029324,56.381465,0.000016,0.031257,0.000006,0.000048,0.000661,0.000020,0.001032,0.010675,0.000496,0.718198,-0.142897,-0.000004,1.289801,0.000363,0.000902,1.790875,-8.187367,-0.000211
0.700000,140,998.824893,38.874115,0.000007,55.833238,-0.000224,9.366464,56.613435,0.000018,0.031281,0.000007,0.000052,0.000320,0.000022,0.001112,0.004160,0.000534,0.717058,-0.166210,-0.000004,1.596870,0.000422,0.001048,1.792280,-9.523142,-0.000229
0.750000,150,998.406919,41.680508,0.000008,55.840841,-0.000238,10.889763,56.892763,0.000021,0.031288,0.000008,0.000055,-0.000061,0.000023,0.001192,-0.003254,0.000572,0.715688,-0.192597,-0.000004,1.951861,0.000487,0.001203,1.792652,-11.034999,-0.000244
0.800000,160,997.907549,44.489213,0.000008,55.822506,-0.000249,12.628688,57.233172,0.000024,0.031274,0.000010,0.000058,-0.000487,0.000024,0.001272,-0.011711,0.000611,0.714020,-0.222484,-0.000004,2.363853,0.000555,0.001369,1.791866,-12.747407,-0.000255
0.850000,170,997.315038,47.299056,0.000007,55.768574,-0.000253,14.618954,57.652820,0.000027,0.031238,0.000011,0.000061,-0.000962,0.000026,0.001352,-0.021382,0.000651,0.711967,-0.256368,-0.000005,2.844790,0.000627,0.001543,1.789790,-14.688794,-0.000260
0.900000,180,996.615634,50.108349,0.000004,55.665818,-0.000251,16.904567,58.176006,0.000030,0.031176,0.000012,0.000064,-0.001489,0.000027,0.001432,-0.032479,0.000691,0.709409,-0.294829,-0.000005,3.410655,0.000702,0.001725,1.786276,-16.892459,-0.000258
0.950000,190,995.793086,52.914690,-0.000001,55.495932,-0.000240,19.540841,58.835728,0.000033,0.031087,0.000014,0.000066,-0.002071,0.000028,0.001512,-0.045268,0.000732,0.706188,-0.338556,-0.000004,4.083358,0.000781,0.001914,1.781172,-19.397830,-0.000248
1.000000,200,994.827967,55.714670,-0.000009,55.233183,-0.000220,22.598994,59.677625,0.000037,0.030968,0.000015,0.000068,-0.002709,0.000029,0.001592,-0.060092,0.000774,0.702082,-0.388375,-0.000004,4.893818,0.000863,0.002109,1.774316,-22.252223,-0.000228
1.050000,210,993.696696,58.503439,-0.000022,54.840659,-0.000187,26.173391,60.766309,0.000040,0.030815,0.000017,0.000069,-0.003401,0.000030,0.001672,-0.077401,0.000817,0.696780,-0.445293,-0.000003,5.887154,0.000947,0.002309,1.765552,-25.513394,-0.000196
1.100000,220,992.370090,61.274040,-0.000042,54.263979,-0.000141,30.393452,62.195991,0.000044,0.030626,0.000018,0.000069,-0.004139,0.000030,0.001752,-0.097817,0.000861,0.689829,-0.510567,-0.000003,7.131824,0.001032,0.002510,1.754732,-29.253346,-0.000149
1.150000,230,990.811122,64.016348,-0.000071,53.420162,-0.000080,35.444208,64.109325,0.000047,0.030399,0.000020,0.000069,-0.004907,0.000030,0.001832,-0.122219,0.000907,0.680547,-0.585806,-0.000001,8.736578,0.001119,0.002711,1.741744,-33.564222,-0.000086
1.200000,240,988.971244,66.715260,-0.000113,52.176622,-0.000002,41.604051,66.733027,0.000051,0.030134,0.000021,0.000067,-0.005675,0.000030,0.001912,-0.151929,0.000955,0.667852,-0.673135,-0.000000,10.884116,0.001204,0.002908,1.726537,-38.567793,-0.000002
1.250000,250,986.783993,69.347458,-0.000172,50.308141,0.000092,49.319631,70.450941,0.000054,0.029831,0.000022,0.000063,-0.006391,0.000028,0.001992,-0.189054,0.001004,0.649932,-0.775476,0.000002,13.903785,0.001287,0.003097,1.709174,-44.431528,0.000105
1.300000,260,984.152872,71.875011,-0.000257,47.398912,0.000201,59.370443,75.970431,0.000057,0.029495,0.000024,0.000057,-0.006961,0.000026,0.002072,-0.237240,0.001055,0.623474,-0.897057,0.000004,18.447030,0.001364,0.003271,1.689920,-51.397578,0.000243
1.350000,270,980.925664,74.231246,-0.000379,42.584979,0.000316,73.284778,84.759301,0.000060,0.029136,0.000025,0.000048,-0.007187,0.000023,0.002152,-0.300000,0.001106,0.581702,-1.044398,0.000007,25.979750,0.001433,0.003423,1.669390,-59.839600,0.000425
1.400000,280,976.830355,76.283707,-0.000561,33.714312,0.000413,94.632772,100.459029,0.000062,0.028820,0.000026,0.000036,-0.005285,0.000017,0.002232,-0.300000,0.001156,0.508168,-1.228551,0.000012,40.514217,0.001489,0.003545,1.651248,-70.390814,0.000702
1.450000,290,971.266925,77.706815,-0.000854,13.512089,0.000382,134.659516,135.335737,0.000063,0.028614,0.000027,0.000020,-0.002930,0.000010,0.002312,-0.300000,0.001196,0.500000,-1.470788,0.000028,77.253436,0.001528,0.003627,1.639453,-84.269971,0.001618
1.500000,300,962.142404,77.212475,0.011049,-68.755001,-17.746969,264.353818,273.724581,0.000064,0.029113,0.000015,0.000027,-0.743952,-0.002122,0.002392,-0.300000,-0.138803,0.500000,-1.825246,-2.888987,288.033512,0.000863,0.003642,1.668034,-104.578887,-165.526782
1.550000,310,1000.093188,74.514600,-0.017196,55.039227,-0.000034,0.180660,55.039524,0.000002,0.050057,0.000043,0.000102,0.002417,0.000032,0.002472,0.049211,0.001233,0.724831,-0.003282,-0.000001,1468.610034,0.002468,0.000132,2.868044,-0.188066,-0.000036
1.600000,320,1000.215040,77.265322,-0.017079,55.095794,-0.000142,0.469978,55.097798,0.000008,0.050188,0.000045,0.000125,0.002682,0.000049,0.002552,0.047752,0.001263,0.724541,-0.008530,-0.000003,512.347296,0.002588,0.000474,2.875568,-0.488732,-0.000147
1.650000,330,1000.322030,80.019641,-0.016962,55.152930,-0.000268,0.796981,55.158688,0.000015,0.050321,0.000048,0.000131,0.002606,0.000055,0.002632,0.046110,0.001290,0.724238,-0.014449,-0.000005,178.873974,0.002739,0.000850,2.883154,-0.827888,-0.000278
1.700000,340,1000.412157,82.777687,-0.016843,55.210540,-0.000393,1.166362,55.222859,0.000022,0.050448,0.000051,0.000135,0.002501,0.000057,0.002711,0.044262,0.001318,0.723919,-0.021123,-0.000007,62.551751,0.002901,0.001239,2.890470,-1.210234,-0.000407
1.750000,350,1000.483156,85.539600,-0.016724,55.268464,-0.000511,1.583755,55.291151,0.000029,0.050570,0.000054,0.000138,0.002383,0.000059,0.002791,0.042182,0.001346,0.723579,-0.028648,-0.000009,21.947887,0.003068,0.001639,2.897467,-1.641400,-0.000530
1.800000,360,1000.532457,88.305522,-0.016603,55.326446,-0.000622,2.055583,55.364619,0.000036,0.050686,0.000057,0.000142,0.002251,0.000060,0.002871,0.039839,0.001375,0.723215,-0.037137,-0.000011,7.764817,0.003239,0.002050,2.904105,-2.127772,-0.000644
1.850000,370,1000.557147,91.075602,-0.016480,55.384114,-0.000723,2.589160,55.444602,0.000043,0.050795,0.000060,0.000146,0.002103,0.000061,0.002951,0.037197,0.001404,0.722819,-0.046715,-0.000013,2.840664,0.003413,0.002471,2.910343,-2.676580,-0.000748
1.900000,380,1000.553916,93.849983,-0.016356,55.440930,-0.000816,3.192830,55.532791,0.000051,0.050896,0.000063,0.000149,0.001938,0.000062,0.003031,0.034216,0.001435,0.722382,-0.057526,-0.000015,1.189962,0.003591,0.002902,2.916132,-3.296009,-0.000843
1.950000,390,1000.519008,96.628801,-0.016230,55.496138,-0.000898,3.876127,55.631337,0.000058,0.050988,0.000066,0.000153,0.001752,0.000064,0.003111,0.030849,0.001467,0.721895,-0.069732,-0.000016,0.708145,0.003772,0.003344,2.921417,-3.995334,-0.000927
2.000000,400,1000.448148,99.412174,-0.016102,55.548690,-0.000970,4.649977,55.742975,0.000066,0.051071,0.000069,0.000156,0.001544,0.000065,0.003191,0.027045,0.001499,0.721344,-0.083515,-0.000017,0.654117,0.003957,0.003796,2.926138,-4.785070,-0.001001
2.050000,410,1000.336473,102.200187,-0.015973,55.597154,-0.001032,5.526945,55.871197,0.000074,0.051142,0.000072,0.000159,0.001310,0.000066,0.003271,0.022742,0.001533,0.720712,-0.099085,-0.000019,0.768534,0.004144,0.004257,2.930226,-5.677154,-0.001063
2.100000,420,1000.178434,104.992875,-0.015843,55.639583,-0.001081,6.521535,56.020475,0.000083,0.051201,0.000076,0.000162,0.001047,0.000067,0.003351,0.017869,0.001568,0.719978,-0.116678,-0.000019,0.962384,0.004336,0.004728,2.933602,-6.685155,-0.001113
2.150000,430,999.967695,107.790202,-0.015712,55.673344,-0.001118,7.650587,56.196555,0.000091,0.051246,0.000079,0.000165,0.000753,0.000068,0.003431,0.012347,0.001604,0.719112,-0.136564,-0.000020,1.207260,0.004530,0.005208,2.936180,-7.824533,-0.001151
2.200000,440,999.696996,110.592020,-0.015582,55.694888,-0.001142,8.933781,56.406852,0.000099,0.051275,0.000083,0.000168,0.000422,0.000069,0.003511,0.006079,0.001641,0.718080,-0.159051,-0.000021,1.496873,0.004728,0.005696,2.937864,-9.112944,-0.001175
2.250000,450,999.357993,113.398029,-0.015453,55.699432,-0.001150,10.394311,56.660995,0.000108,0.051287,0.000086,0.000170,0.000052,0.000070,0.003591,-0.001046,0.001680,0.716834,-0.184492,-0.000021,1.833731,0.004928,0.006191,2.938544,-10.570624,-0.001183
2.300000,460,998.941061,116.207711,-0.015327,55.680522,-0.001143,12.059794,56.971564,0.000117,0.051280,0.000090,0.000173,-0.000361,0.000071,0.003671,-0.009162,0.001721,0.715312,-0.213295,-0.000021,2.224787,0.005132,0.006693,2.938101,-12.220877,-0.001176
2.350000,470,998.435032,119.020244,-0.015205,55.629413,-0.001117,13.963541,57.355140,0.000126,0.051250,0.000093,0.000174,-0.000823,0.000072,0.003751,-0.018429,0.001763,0.713435,-0.245929,-0.000020,2.680431,0.005338,0.007200,2.936404,-14.090697,-0.001150
2.400000,480,997.826863,121.834383,-0.015091,55.534174,-0.001070,16.146357,57.833808,0.000135,0.051196,0.000097,0.000175,-0.001336,0.000073,0.003831,-0.029044,0.001808,0.711096,-0.282946,-0.000019,3.214927,0.005547,0.007712,2.933310,-16.211595,-0.001104
2.450000,490,997.101193,124.648285,-0.014986,55.378367,-0.001002,18.659183,58.437390,0.000144,0.051115,0.000100,0.000175,-0.001903,0.000074,0.003910,-0.041252,0.001854,0.708148,-0.324993,-0.000018,3.847831,0.005757,0.008225,2.928668,-18.620726,-0.001037
2.500000,500,996.239727,127.459266,-0.014895,55.139023,-0.000909,21.567065,59.206842,0.000153,0.051004,0.000104,0.000175,-0.002526,0.000074,0.003990,-0.055364,0.001903,0.704395,-0.372845,-0.000016,4.606536,0.005968,0.008738,2.922317,-21.362444,-0.000944
2.550000,510,995.220373,130.263442,-0.014822,54.783456,-0.000788,24.955351,60.199639,0.000161,0.050861,0.000108,0.000173,-0.003204,0.000074,0.004070,-0.071792,0.001955,0.699559,-0.427441,-0.000014,5.530590,0.006178,0.009247,2.914099,-24.490553,-0.000824
2.600000,520,994.015965,133.055175,-0.014775,54.263984,-0.000637,28.939724,61.498680,0.000170,0.050682,0.000111,0.000169,-0.003931,0.000073,0.004150,-0.091088,0.002010,0.693241,-0.489942,-0.000012,6.679220,0.006387,0.009749,2.903862,-28.071609,-0.000673
2.650000,530,992.592323,135.826206,-0.014761,53.508790,-0.000454,33.683225,63.227765,0.000179,0.050466,0.000115,0.000164,-0.004694,0.000072,0.004230,-0.114030,0.002068,0.684846,-0.561821,-0.000008,8.145037,0.006593,0.010238,2.891481,-32.189986,-0.000486
2.700000,540,990.905125,138.564217,-0.014792,52.405037,-0.000237,39.426839,65.580207,0.000187,0.050211,0.000119,0.000156,-0.005469,0.000069,0.004310,-0.141763,0.002129,0.673454,-0.645002,-0.000005,10.080604,0.006792,0.010707,2.876881,-36.955910,-0.000259
2.750000,550,988.894588,141.250283,-0.014884,50.765300,0.000014,46.548522,68.875835,0.000195,0.049918,0.000122,0.000145,-0.006210,0.000065,0.004390,-0.176073,0.002194,0.657548,-0.742094,0.000000,12.754108,0.006983,0.011149,2.860085,-42.518826,0.000015
2.800000,560,986.475679,143.854026,-0.015060,48.253995,0.000293,55.688184,73.685967,0.000202,0.049590,0.000125,0.000130,-0.006840,0.000060,0.004470,-0.219964,0.002261,0.634443,-0.856799,0.000006,16.678442,0.007159,0.011553,2.841283,-49.090963,0.000347
2.850000,570,983.518201,146.323307,-0.015356,44.203965,0.000586,68.047647,81.144764,0.000208,0.049235,0.000128,0.000110,-0.007225,0.000052,0.004550,-0.279014,0.002330,0.598876,-0.994700,0.000013,22.953793,0.007315,0.011906,2.820955,-56.992120,0.000759
2.900000,580,979.800056,148.558865,-0.015837,37.065281,0.000854,86.252715,93.879529,0.000213,0.048890,0.000130,0.000084,-0.006038,0.000041,0.004629,-0.300000,0.002398,0.538878,-1.164927,0.000023,34.374752,0.007445,0.012192,2.801200,-66.745407,0.001319
2.950000,590,974.870316,150.335803,-0.016634,22.205146,0.000960,117.635352,119.712759,0.000216,0.048645,0.000132,0.000053,-0.003737,0.000026,0.004709,-0.300000,0.002451,0.500000,-1.384229,0.000043,60.226788,0.007538,0.012395,2.787139,-79.310480,0.002477
3.000000,600,967.445544,150.933044,-0.027475,-23.470798,10.511265,195.813728,197.495269,0.000218,0.048519,0.000125,0.000021,-0.002100,-0.000366,0.004789,-0.300000,0.169135,0.500000,-1.690090,2.720533,164.306212,0.007156,0.012481,2.779945,-96.835028,155.875047
3.050000,610,1000.054003,150.140271,-0.078661,55.022377,-0.000025,0.100853,55.022469,0.000002,0.050024,0.000164,0.000153,0.001924,0.000042,0.004869,0.049615,0.002433,0.724916,-0.001833,-0.000000,602.922222,0.009371,0.000105,2.866138,-0.105020,-0.000026
3.100000,620,1000.179961,152.889939,-0.078213,55.078761,-0.000210,0.379398,55.080068,0.000013,0.050148,0.000167,0.000240,0.002680,0.000090,0.004949,0.048208,0.002456,0.724629,-0.006888,-0.000004,210.514063,0.009575,0.000725,2.873262,-0.394663,-0.000219
3.150000,630,1000.291608,155.643165,-0.077763,55.135734,-0.000452,0.694667,55.140110,0.000025,0.050281,0.000172,0.000251,0.002634,0.000105,0.005029,0.046623,0.002472,0.724330,-0.012599,-0.000008,73.645023,0.009859,0.001448,2.880903,-0.721843,-0.000470
3.200000,640,1000.387019,158.400079,-0.077311,55.193216,-0.000695,1.050777,55.203217,0.000038,0.050410,0.000177,0.000255,0.002534,0.000109,0.005109,0.044840,0.002487,0.724016,-0.019036,-0.000013,25.874963,0.010167,0.002189,2.888307,-1.090674,-0.000722
3.250000,650,1000.464011,161.160816,-0.076857,55.251067,-0.000924,1.453130,55.270173,0.000051,0.050534,0.000183,0.000259,0.002420,0.000111,0.005188,0.042832,0.002504,0.723684,-0.026294,-0.000017,9.172019,0.010483,0.002942,2.895404,-1.506559,-0.000959
3.300000,660,1000.520111,163.925520,-0.076400,55.309065,-0.001135,1.907902,55.341962,0.000065,0.050652,0.000189,0.000262,0.002292,0.000112,0.005268,0.040572,0.002523,0.723327,-0.034482,-0.000021,3.313947,0.010802,0.003704,2.902154,-1.975651,-0.001176
3.350000,670,1000.552513,166.694337,-0.075940,55.366875,-0.001325,2.422128,55.419830,0.000078,0.050763,0.000194,0.000265,0.002149,0.000112,0.005348,0.038023,0.002543,0.722941,-0.043719,-0.000024,1.276816,0.011123,0.004476,2.908517,-2.504915,-0.001371
3.400000,680,1000.558031,169.467413,-0.075476,55.424015,-0.001495,3.003827,55.505355,0.000092,0.050867,0.000200,0.000269,0.001989,0.000113,0.005428,0.035148,0.002566,0.722518,-0.054144,-0.000027,0.621294,0.011446,0.005258,2.914445,-3.102236,-0.001546
3.450000,690,1000.533050,172.244887,-0.075008,55.479800,-0.001644,3.662156,55.600536,0.000106,0.050962,0.000205,0.000272,0.001810,0.000114,0.005508,0.031903,0.002591,0.722047,-0.065913,-0.000030,0.479467,0.011772,0.006048,2.919888,-3.776548,-0.001698
3.500000,700,1000.473458,175.026883,-0.074537,55.533280,-0.001772,4.407601,55.707918,0.000120,0.051047,0.000211,0.000275,0.001609,0.000114,0.005587,0.028236,0.002618,0.721517,-0.079203,-0.000032,0.538187,0.012099,0.006847,2.924785,-4.537975,-0.001828
3.550000,710,1000.374577,177.813497,-0.074062,55.583149,-0.001878,5.252205,55.830745,0.000134,0.051122,0.000217,0.000277,0.001383,0.000115,0.005667,0.024089,0.002647,0.720912,-0.094213,-0.000034,0.686054,0.012428,0.007655,2.929070,-5.398009,-0.001936
3.600000,720,1000.231074,180.604783,-0.073585,55.627630,-0.001962,6.209855,55.973168,0.000148,0.051185,0.000223,0.000280,0.001129,0.000116,0.005747,0.019395,0.002678,0.720210,-0.111172,-0.000035,0.885128,0.012760,0.008471,2.932668,-6.369703,-0.002021
3.650000,730,1000.036863,183.400728,-0.073106,55.664317,-0.002023,7.296643,56.140513,0.000162,0.051234,0.000229,0.000282,0.000845,0.000117,0.005827,0.014077,0.002712,0.719388,-0.130340,-0.000036,1.124492,0.013093,0.009293,2.935496,-7.467921,-0.002082
3.700000,740,999.784975,186.201222,-0.072627,55.689964,-0.002059,8.531335,56.339647,0.000177,0.051268,0.000234,0.000284,0.000525,0.000117,0.005907,0.008044,0.002748,0.718410,-0.152012,-0.000037,1.403659,0.013429,0.010122,2.937459,-8.709623,-0.002118
3.750000,750,999.467412,189.006016,-0.072150,55.700199,-0.002068,9.935986,56.579466,0.000191,0.051286,0.000240,0.000286,0.000168,0.000118,0.005986,0.001189,0.002786,0.717233,-0.176527,-0.000037,1.726813,0.013767,0.010956,2.938452,-10.114226,-0.002127
3.800000,760,999.074955,191.814667,-0.071676,55.689125,-0.002050,11.536773,56.871573,0.000206,0.051284,0.000246,0.000287,-0.000232,0.000119,0.006066,-0.006615,0.002828,0.715802,-0.204274,-0.000037,2.101035,0.014106,0.011794,2.938359,-11.704055,-0.002109
3.850000,770,998.596931,194.626454,-0.071210,55.648763,-0.002001,13.365140,57.231213,0.000221,0.051261,0.000252,0.000287,-0.000679,0.000119,0.006146,-0.015517,0.002872,0.714042,-0.235705,-0.000036,2.536126,0.014447,0.012635,2.937053,-13.504920,-0.002060
3.900000,780,998.020901,197.440273,-0.070754,55.568253,-0.001919,15.459410,57.678628,0.000235,0.051215,0.000258,0.000287,-0.001176,0.000119,0.006226,-0.025705,0.002920,0.711854,-0.271344,-0.000035,3.045235,0.014788,0.013475,2.934393,-15.546876,-0.001979
3.950000,790,997.332255,200.254484,-0.070314,55.432682,-0.001802,17.867141,58.241024,0.000250,0.051142,0.000264,0.000285,-0.001727,0.000119,0.006305,-0.037405,0.002971,0.709107,-0.311807,-0.000032,3.646177,0.015130,0.014313,2.930232,-17.865243,-0.001862
4.000000,800,996.513655,203.066686,-0.069897,55.221310,-0.001645,20.648619,58.955564,0.000264,0.051041,0.000270,0.000283,-0.002333,0.000119,0.006385,-0.050908,0.003026,0.705620,-0.357828,-0.000030,4.363656,0.015470,0.015144,2.924411,-20.502018,-0.001707
4.050000,810,995.544259,205.873402,-0.069510,54.904802,-0.001446,23.882267,59.874034,0.000279,0.050907,0.000276,0.000278,-0.002995,0.000118,0.006465,-0.066591,0.003086,0.701144,-0.410290,-0.000026,5.232977,0.015809,0.015965,2.916769,-23.507881,-0.001509
4.100000,820,994.398589,208.669594,-0.069164,54.440709,-0.001201,27.673283,61.070463,0.000293,0.050739,0.000282,0.000271,-0.003708,0.000116,0.006545,-0.084957,0.003150,0.695322,-0.470281,-0.000022,6.306391,0.016142,0.016770,2.907153,-26.945127,-0.001264
4.150000,830,993.044832,211.447909,-0.068874,53.765765,-0.000907,32.168090,62.654158,0.000306,0.050535,0.000287,0.000262,-0.004462,0.000114,0.006624,-0.106705,0.003218,0.687629,-0.539169,-0.000017,7.664480,0.016469,0.017551,2.895425,-30.892108,-0.000966
4.200000,840,991.442138,214.197446,-0.068657,52.781944,-0.000561,37.579817,64.793334,0.000319,0.050292,0.000293,0.000249,-0.005237,0.000110,0.006704,-0.132850,0.003292,0.677261,-0.618723,-0.000011,9.437786,0.016786,0.018300,2.881494,-35.450198,-0.000609
4.250000,850,989.536123,216.901633,-0.068541,51.329384,-0.000165,44.236347,67.761051,0.000332,0.050010,0.000298,0.000232,-0.005995,0.000104,0.006784,-0.164944,0.003371,0.662921,-0.711312,-0.000003,11.850984,0.017087,0.019004,2.865346,-40.755201,-0.000184
4.300000,860,987.250785,219.534264,-0.068561,49.128935,0.000276,52.678979,72.032819,0.000343,0.049691,0.000303,0.000209,-0.006669,0.000095,0.006864,-0.205533,0.003455,0.642369,-0.820254,0.000006,15.321946,0.017367,0.019650,2.847112,-46.997096,0.000322
4.350000,870,984.472621,222.051390,-0.068777,45.644948,0.000746,63.889496,78.519609,0.000353,0.049343,0.000307,0.000179,-0.007146,0.000084,0.006943,-0.259191,0.003541,0.611358,-0.950447,0.000016,20.713068,0.017618,0.020220,2.827167,-54.456626,0.000936
4.400000,880,981.015105,224.372329,-0.069285,39.698805,0.001197,79.903474,89.221972,0.000361,0.048985,0.000311,0.000142,-0.006656,0.000068,0.007023,-0.300000,0.003627,0.560716,-1.109684,0.000030,30.089916,0.017829,0.020692,2.806660,-63.580227,0.001728
4.450000,890,976.522510,226.325462,-0.070276,28.071156,0.001493,105.923452,109.579959,0.000367,0.048706,0.000314,0.000096,-0.004453,0.000047,0.007103,-0.300000,0.003699,0.500000,-1.311738,0.000053,49.688147,0.017989,0.021041,2.790656,-75.157045,0.003048
4.500000,900,970.107452,227.430861,-0.072251,-2.304906,-0.002026,161.520492,161.536936,0.000371,0.048544,0.000316,0.000045,-0.002090,0.000022,0.007182,-0.300000,0.003671,0.500000,-1.585065,-3.140714,108.230225,0.018084,0.021247,2.781351,-90.817558,-179.949645
4.550000,910,1000.013684,225.766254,-0.135511,55.005584,-0.000003,0.024547,55.005590,0.000000,0.050002,0.000362,0.000080,0.000710,0.000019,0.007262,0.050000,0.003631,0.725000,-0.000446,-0.000000,826.889144,0.020727,0.000013,2.864908,-0.025569,-0.000003
4.600000,920,1000.143595,228.514878,-0.134517,55.061781,-0.000216,0.292091,55.062556,0.000014,0.050108,0.000366,0.000345,0.002638,0.000122,0.007342,0.048649,0.003652,0.724716,-0.005305,-0.000004,288.620728,0.020959,0.000775,2.870972,-0.303939,-0.000225
4.650000,930,1000.259726,231.267024,-0.133520,55.118584,-0.000564,0.596022,55.121806,0.000032,0.050242,0.000373,0.000371,0.002659,0.000152,0.007421,0.047118,0.003658,0.724421,-0.010813,-0.000010,100.892678,0.021360,0.001832,2.878629,-0.619541,-0.000586
4.700000,940,1000.360225,234.022817,-0.132521,55.175924,-0.000928,0.939349,55.183920,0.000051,0.050372,0.000381,0.000376,0.002566,0.000160,0.007501,0.045397,0.003661,0.724112,-0.017023,-0.000017,35.389878,0.021810,0.002925,2.886116,-0.975345,-0.000964
4.750000,950,1000.442988,236.782392,-0.131518,55.233684,-0.001273,1.327217,55.249628,0.000070,0.050498,0.000389,0.000379,0.002456,0.000163,0.007581,0.043460,0.003666,0.723786,-0.024024,-0.000023,12.503173,0.022274,0.004030,2.893309,-1.376502,-0.001321
4.800000,960,1000.505635,239.545891,-0.130511,55.291667,-0.001590,1.765566,55.319849,0.000090,0.050617,0.000397,0.000382,0.002332,0.000163,0.007660,0.041279,0.003674,0.723437,-0.031921,-0.000029,4.482942,0.022741,0.005144,2.900167,-1.828939,-0.001648
4.850000,970,1000.545462,242.313459,-0.129498,55.349577,-0.001876,2.261161,55.395745,0.000109,0.050731,0.000405,0.000385,0.002194,0.000163,0.007740,0.038820,0.003685,0.723061,-0.040830,-0.000034,1.677186,0.023210,0.006267,2.906651,-2.339367,-0.001942
4.900000,980,1000.559405,245.085242,-0.128479,55.406980,-0.002130,2.821712,55.478784,0.000129,0.050836,0.000413,0.000388,0.002039,0.000163,0.007819,0.036048,0.003699,0.722649,-0.050883,-0.000038,0.740281,0.023680,0.007398,2.912715,-2.915384,-0.002202
4.950000,990,1000.543981,247.861382,-0.127454,55.463257,-0.002352,3.456015,55.570828,0.000149,0.050934,0.000421,0.000391,0.001866,0.000164,0.007899,0.032918,0.003716,0.722194,-0.062231,-0.000042,0.492435,0.024149,0.008537,2.918309,-3.565593,-0.002430
5.000000,1000,1000.495236,250.642009,-0.126424,55.517548,-0.002542,4.174137,55.674245,0.000169,0.051023,0.000430,0.000393,0.001671,0.000164,0.007979,0.029383,0.003737,0.721683,-0.075045,-0.000046,0.508226,0.024620,0.009684,2.923377,-4.299745,-0.002624
5.050000,1010,1000.408670,253.427230,-0.125388,55.568662,-0.002700,4.987625,55.792048,0.000189,0.051101,0.000438,0.000396,0.001453,0.000164,0.008058,0.025387,0.003761,0.721102,-0.089516,-0.000049,0.635353,0.025091,0.010838,2.927853,-5.128901,-0.002784
5.100000,1020,1000.279157,256.217112,-0.124347,55.614980,-0.002825,5.909780,55.928092,0.000209,0.051167,0.000446,0.000398,0.001208,0.000165,0.008138,0.020865,0.003788,0.720432,-0.105865,-0.000051,0.820965,0.025563,0.011998,2.931666,-6.065624,-0.002910
5.150000,1030,1000.100847,259.011665,-0.123303,55.654303,-0.002915,6.955989,56.087318,0.000230,0.051221,0.000454,0.000399,0.000933,0.000165,0.008217,0.015743,0.003818,0.719649,-0.124341,-0.000052,1.048600,0.026036,0.013164,2.934734,-7.124206,-0.003001
5.200000,1040,999.867052,261.810813,-0.122257,55.683664,-0.002970,8.144157,56.276085,0.000250,0.051260,0.000463,0.000401,0.000625,0.000165,0.008297,0.009935,0.003852,0.718722,-0.145228,-0.000053,1.315544,0.026510,0.014335,2.936966,-8.320944,-0.003056
5.250000,1050,999.570099,264.614354,-0.121212,55.699063,-0.002987,9.495278,56.502619,0.000271,0.051282,0.000471,0.000402,0.000279,0.000166,0.008377,0.003338,0.003890,0.717610,-0.168851,-0.000054,1.624877,0.026985,0.015508,2.938262,-9.674474,-0.003073
5.300000,1060,999.201160,267.421909,-0.120171,55.695112,-0.002965,11.034189,56.777626,0.000291,0.051287,0.000479,0.000402,-0.000108,0.000166,0.008456,-0.004166,0.003931,0.716262,-0.195585,-0.000053,1.982880,0.027461,0.016684,2.938507,-11.206197,-0.003050
5.350000,1070,998.750025,270.232850,-0.119138,55.664527,-0.002901,12.790608,57.115140,0.000312,0.051270,0.000488,0.000401,-0.000540,0.000166,0.008536,-0.012721,0.003977,0.714610,-0.225860,-0.000052,2.398501,0.027937,0.017858,2.937579,-12.940805,-0.002986
5.400000,1080,998.204823,273.046204,-0.118119,55.597415,-0.002792,14.800590,57.533729,0.000332,0.051231,0.000496,0.000399,-0.001021,0.000166,0.008615,-0.022501,0.004027,0.712562,-0.260176,-0.000050,2.883780,0.028412,0.019030,2.935341,-14.906988,-0.002877
5.450000,1090,997.551646,275.860510,-0.117121,55.480232,-0.002634,17.108615,58.058254,0.000352,0.051167,0.000504,0.000396,-0.001556,0.000165,0.008695,-0.033720,0.004082,0.709999,-0.299121,-0.000047,3.454946,0.028886,0.020194,2.931647,-17.138359,-0.002720
5.500000,1100,996.774042,278.673623,-0.116152,55.294222,-0.002423,19.770691,58.722493,0.000373,0.051074,0.000512,0.000392,-0.002145,0.000164,0.008774,-0.046648,0.004142,0.706757,-0.343389,-0.000044,4.134333,0.029357,0.021348,2.926340,-19.674732,-0.002511
5.550000,1110,995.852322,281.482431,-0.115223,55.013002,-0.002155,22.859075,59.573213,0.000392,0.050951,0.000521,0.000385,-0.002791,0.000163,0.008854,-0.061631,0.004208,0.702610,-0.393815,-0.000039,4.953548,0.029824,0.022484,2.919261,-22.563926,-0.002245
5.600000,1120,994.762546,284.282429,-0.114349,54.598683,-0.001826,26.469747,60.676715,0.000412,0.050793,0.000529,0.000375,-0.003489,0.000160,0.008933,-0.079129,0.004280,0.697237,-0.451418,-0.000033,5.958859,0.030284,0.023597,2.910253,-25.864367,-0.001917
5.650000,1130,993.475027,287.067059,-0.113550,53.995340,-0.001432,30.734734,62.129869,0.000431,0.050600,0.000536,0.000362,-0.004233,0.000157,0.009013,-0.099773,0.004359,0.690174,-0.517473,-0.000027,7.220692,0.030734,0.024677,2.899171,-29.649002,-0.001519
5.700000,1140,991.951994,289.826656,-0.112850,53.117419,-0.000969,35.843467,64.079749,0.000449,0.050369,0.000544,0.000345,-0.005004,0.000151,0.009092,-0.124467,0.004444,0.680717,-0.593610,-0.000018,8.851352,0.031171,0.025713,2.885906,-34.011353,-0.001045
5.750000,1150,990.143759,292.546656,-0.112284,51.827737,-0.000437,42.082184,66.760950,0.000466,0.050098,0.000551,0.000322,-0.005772,0.000144,0.009172,-0.154566,0.004537,0.667748,-0.681993,-0.000008,11.040365,0.031587,0.026692,2.870418,-39.075307,-0.000483
5.800000,1160,987.981993,295.204334,-0.111904,49.892131,0.000157,49.912619,70.572617,0.000482,0.049790,0.000558,0.000293,-0.006481,0.000133,0.009251,-0.192248,0.004635,0.649382,-0.785603,0.000003,14.131355,0.031976,0.027594,2.852784,-45.011762,0.000181
5.850000,1170,985.366903,297.762347,-0.111784,46.875319,0.000797,60.146330,76.255338,0.000496,0.049450,0.000564,0.000255,-0.007033,0.000118,0.009331,-0.241308,0.004739,0.622156,-0.908771,0.000017,18.809230,0.032328,0.028397,2.833292,-52.068767,0.000975
5.900000,1180,982.139784,300.154266,-0.112049,41.863766,0.001436,74.390511,85.361133,0.000507,0.049089,0.000569,0.000207,-0.007156,0.000098,0.009410,-0.300000,0.004843,0.578910,-1.058212,0.000034,26.632235,0.032629,0.029076,2.812616,-60.631071,0.001966
5.950000,1190,978.013521,302.246054,-0.112932,32.545128,0.001944,96.459016,101.801410,0.000517,0.048778,0.000574,0.000148,-0.005150,0.000072,0.009490,-0.300000,0.004936,0.502014,-1.245392,0.000060,41.939246,0.032866,0.029598,2.794782,-71.355682,0.003423
6.000000,1200,972.340927,303.699943,-0.114981,10.865853,0.001705,138.722304,139.147204,0.000522,0.048580,0.000576,0.000080,-0.002774,0.000039,0.009569,-0.300000,0.004968,0.500000,-1.492628,0.000157,81.705519,0.033020,0.029933,2.783413,-85.521276,0.008989
6.050000,1210,962.732321,303.093678,-0.062932,-85.555869,-21.768347,286.324528,299.625438,0.000522,0.052172,0.000598,0.004426,-5.505738,-0.001012,0.009648,-0.300000,-0.235748,0.500000,-1.861159,-2.892445,327.269105,0.034254,0.029924,2.989244,-106.636531,-165.724886
6.100000,1220,1000.105990,304.140137,-0.180214,55.044856,-0.000170,0.207986,55.045249,0.000011,0.050069,0.000641,0.000421,0.002502,0.000137,0.009728,0.049073,0.004850,0.724802,-0.003778,-0.000003,395.759590,0.036744,0.000645,2.868751,-0.216490,-0.000177
6.150000,1230,1000.226439,306.891213,-0.178458,55.101483,-0.000605,0.500915,55.103759,0.000035,0.050202,0.000650,0.000487,0.002678,0.000194,0.009807,0.047596,0.004848,0.724511,-0.009091,-0.000011,138.263044,0.037235,0.002006,2.876336,-0.520849,-0.000629
6.200000,1240,1000.331836,309.645898,-0.176698,55.158672,-0.001089,0.831925,55.164945,0.000060,0.050334,0.000660,0.000496,0.002596,0.000210,0.009887,0.045935,0.004839,0.724207,-0.015081,-0.000020,48.434214,0.037820,0.003446,2.883899,-0.864092,-0.001131
6.250000,1250,1000.420157,312.404324,-0.174932,55.216322,-0.001555,1.205841,55.229487,0.000086,0.050461,0.000671,0.000499,0.002490,0.000214,0.009966,0.044065,0.004832,0.723886,-0.021835,-0.000028,17.065485,0.038430,0.004902,2.891185,-1.251055,-0.001614
6.300000,1260,1000.489108,315.166630,-0.173160,55.274264,-0.001984,1.628375,55.298245,0.000111,0.050582,0.000681,0.000502,0.002371,0.000215,0.010045,0.041960,0.004828,0.723544,-0.029451,-0.000036,6.083954,0.039047,0.006367,2.898147,-1.687440,-0.002057
6.350000,1270,1000.536085,317.932961,-0.171381,55.332235,-0.002372,2.106033,55.372300,0.000137,0.050697,0.000692,0.000505,0.002237,0.000215,0.010125,0.039589,0.004829,0.723177,-0.038043,-0.000043,2.233116,0.039663,0.007840,2.904748,-2.179716,-0.002456
6.400000,1280,1000.558138,320.703464,-0.169593,55.389845,-0.002716,2.646226,55.453020,0.000163,0.050806,0.000703,0.000507,0.002088,0.000214,0.010204,0.036915,0.004834,0.722777,-0.047738,-0.000049,0.916813,0.040279,0.009321,2.910943,-2.735201,-0.002810
6.450000,1290,1000.551917,323.478282,-0.167797,55.446538,-0.003018,3.257408,55.542140,0.000189,0.050906,0.000714,0.000509,0.001920,0.000214,0.010283,0.033897,0.004843,0.722336,-0.058681,-0.000054,0.527500,0.040894,0.010808,2.916684,-3.362184,-0.003119
6.500000,1300,1000.513615,326.257551,-0.165992,55.501532,-0.003277,3.949244,55.641861,0.000215,0.050997,0.000724,0.000512,0.001732,0.000214,0.010363,0.030490,0.004856,0.721843,-0.071036,-0.000059,0.487693,0.041508,0.012302,2.921915,-4.070055,-0.003383
6.550000,1310,1000.438903,329.041384,-0.164179,55.553748,-0.003492,4.732811,55.754986,0.000241,0.051078,0.000735,0.000514,0.001521,0.000213,0.010442,0.026638,0.004874,0.721285,-0.084988,-0.000063,0.589698,0.042122,0.013802,2.926576,-4.869463,-0.003602
6.600000,1320,1000.322853,331.829863,-0.162359,55.601706,-0.003664,5.620853,55.885094,0.000267,0.051149,0.000746,0.000515,0.001285,0.000213,0.010521,0.022281,0.004896,0.720644,-0.100749,-0.000066,0.760502,0.042735,0.015308,2.930596,-5.772499,-0.003776
6.650000,1330,1000.159844,334.623018,-0.160533,55.643400,-0.003791,6.628090,56.036769,0.000294,0.051206,0.000757,0.000516,0.001019,0.000213,0.010601,0.017348,0.004922,0.719898,-0.118559,-0.000068,0.976211,0.043348,0.016817,2.933896,-6.792909,-0.003903
6.700000,1340,999.943452,337.420802,-0.158704,55.676116,-0.003871,7.771619,56.215905,0.000320,0.051250,0.000767,0.000517,0.000721,0.000213,0.010680,0.011755,0.004953,0.719017,-0.138690,-0.000070,1.231224,0.043960,0.018329,2.936390,-7.946357,-0.003984
6.750000,1350,999.666317,340.223055,-0.156874,55.696198,-0.003904,9.071438,56.430112,0.000346,0.051277,0.000778,0.000517,0.000387,0.000213,0.010759,0.005407,0.004989,0.717966,-0.161456,-0.000070,1.527305,0.044573,0.019843,2.937977,-9.250738,-0.004016
6.800000,1360,999.319978,343.029458,-0.155047,55.698720,-0.003885,10.551138,56.689275,0.000373,0.051287,0.000789,0.000517,0.000013,0.000213,0.010839,-0.001811,0.005030,0.716695,-0.187214,-0.000070,1.869890,0.045185,0.021356,2.938550,-10.726571,-0.003997
6.850000,1370,998.894667,345.839467,-0.153228,55.677028,-0.003813,12.238841,57.006321,0.000399,0.051278,0.000799,0.000515,-0.000405,0.000213,0.010918,-0.010034,0.005077,0.715142,-0.216377,-0.000068,2.267117,0.045796,0.022866,2.937988,-12.397499,-0.003924
6.900000,1380,998.379044,348.652225,-0.151424,55.622105,-0.003684,14.168516,57.398305,0.000425,0.051246,0.000810,0.000512,-0.000872,0.000212,0.010997,-0.019426,0.005129,0.713224,-0.249424,-0.000066,2.730014,0.046405,0.024369,2.936158,-14.290926,-0.003795
6.950000,1390,997.759859,351.466434,-0.149644,55.521638,-0.003494,16.381846,57.887971,0.000451,0.051189,0.000821,0.000508,-0.001390,0.000212,0.011076,-0.030189,0.005187,0.710831,-0.286912,-0.000063,3.273395,0.047012,0.025863,2.932916,-16.438871,-0.003606
7.000000,1400,997.021488,354.280180,-0.147899,55.358641,-0.003238,18.930973,58.506075,0.000477,0.051105,0.000831,0.000502,-0.001963,0.000210,0.011156,-0.042571,0.005251,0.707813,-0.329503,-0.000058,3.917497,0.047615,0.027340,2.928110,-18.879129,-0.003352
7.050000,1410,996.145299,357.090679,-0.146202,55.109343,-0.002911,21.882650,59.294941,0.000503,0.050991,0.000841,0.000493,-0.002591,0.000208,0.011235,-0.056895,0.005323,0.703966,-0.377984,-0.000053,4.690710,0.048211,0.028796,2.921579,-21.656886,-0.003027
7.100000,1420,995.108760,359.893899,-0.144572,54.739840,-0.002508,25.324723,60.314108,0.000527,0.050844,0.000852,0.000481,-0.003274,0.000205,0.011314,-0.073582,0.005402,0.699002,-0.433314,-0.000046,5.634142,0.048799,0.030221,2.913166,-24.827048,-0.002625
7.150000,1430,993.884104,362.683986,-0.143032,54.200537,-0.002024,29.376687,61.649720,0.000552,0.050662,0.000862,0.000465,-0.004006,0.000200,0.011393,-0.093203,0.005489,0.692507,-0.496680,-0.000037,6.809603,0.049375,0.031606,2.902719,-28.457690,-0.002139
7.200000,1440,992.436304,365.452354,-0.141614,53.416453,-0.001454,34.207691,63.430935,0.000575,0.050442,0.000871,0.000444,-0.004771,0.000194,0.011472,-0.116564,0.005585,0.683861,-0.569594,-0.000027,8.314199,0.049933,0.032938,2.890118,-32.635343,-0.001560
7.250000,1450,990.719782,368.186161,-0.140361,52.269206,-0.000798,40.069084,65.860469,0.000597,0.050183,0.000881,0.000416,-0.005545,0.000185,0.011551,-0.144861,0.005689,0.672099,-0.654035,-0.000015,10.308833,0.050467,0.034199,2.875295,-37.473436,-0.000875
7.300000,1460,988.672774,370.865614,-0.139334,50.560877,-0.000060,47.357747,69.275959,0.000617,0.049886,0.000890,0.000381,-0.006279,0.000172,0.011631,-0.179966,0.005802,0.655621,-0.752698,-0.000001,13.078465,0.050970,0.035369,2.858285,-43.126400,-0.000068
7.350000,1470,986.206879,373.458757,-0.138625,47.933918,0.000742,56.751658,74.286009,0.000636,0.049555,0.000898,0.000336,-0.006892,0.000155,0.011710,-0.225060,0.005921,0.631570,-0.869431,0.000015,17.173455,0.051428,0.036422,2.839303,-49.814699,0.000887
7.400000,1480,983.185525,375.910288,-0.138379,43.668404,0.001566,69.540147,82.114320,0.000651,0.049198,0.000905,0.000279,-0.007242,0.000132,0.011789,-0.286118,0.006043,0.594276,-1.010072,0.000036,23.790834,0.051828,0.037326,2.818866,-57.872838,0.002054
7.450000,1490,979.372543,378.113502,-0.138861,36.058201,0.002292,88.594678,95.651507,0.000664,0.048860,0.000910,0.000209,-0.005822,0.000101,0.011868,-0.300000,0.006157,0.530602,-1.184268,0.000064,36.036978,0.052151,0.038044,2.799497,-67.853584,0.003641
7.500000,1500,974.277000,379.820793,-0.140639,19.826540,0.002496,122.206492,123.804356,0.000673,0.048627,0.000914,0.000126,-0.003496,0.000062,0.011947,-0.300000,0.006227,0.500000,-1.409960,0.000126,64.616169,0.052378,0.038538,2.786099,-80.784738,0.007214
7.550000,1510,966.424494,380.192534,-0.124060,-33.684184,0.456823,211.659818,214.323847,0.000677,0.048516,0.000922,0.000056,-0.004680,0.000554,0.012026,-0.300000,1.056713,0.500000,-1.728616,3.128032,191.350380,0.052828,0.038798,2.779772,-99.042395,179.223006
7.600000,1520,1000.067193,379.765712,-0.209537,55.027987,-0.000094,0.127086,55.028134,0.000007,0.050034,0.000994,0.000431,0.002140,0.000125,0.012105,0.049482,0.006046,0.724888,-0.002309,-0.000002,542.724941,0.056940,0.000381,2.866726,-0.132323,-0.000098
7.650000,1530,1000.191799,382.515729,-0.206808,55.084433,-0.000579,0.409223,55.085953,0.000034,0.050161,0.001003,0.000598,0.002684,0.000229,0.012184,0.048058,0.006040,0.724600,-0.007429,-0.000011,189.520049,0.057478,0.001972,2.874031,-0.425643,-0.000602
7.700000,1540,1000.301913,385.269317,-0.204074,55.141461,-0.001177,0.728357,55.146271,0.000066,0.050294,0.001016,0.000615,0.002625,0.000258,0.012263,0.046454,0.006020,0.724299,-0.013208,-0.000021,66.320299,0.058185,0.003753,2.881656,-0.756769,-0.001222
7.750000,1550,1000.395585,388.026606,-0.201333,55.198987,-0.001767,1.088836,55.209725,0.000097,0.050423,0.001029,0.000619,0.002523,0.000265,0.012343,0.044649,0.006000,0.723984,-0.019723,-0.000032,23.316234,0.058939,0.005559,2.889031,-1.130050,-0.001834
7.800000,1560,1000.470605,390.787732,-0.198584,55.256864,-0.002314,1.496139,55.277116,0.000129,0.050546,0.001042,0.000621,0.002408,0.000266,0.012422,0.042618,0.005985,0.723649,-0.027069,-0.000042,8.275540,0.059703,0.007374,2.896095,-1.550966,-0.002399
7.850000,1570,1000.524467,393.552839,-0.195825,55.314861,-0.002810,1.956525,55.349452,0.000161,0.050664,0.001055,0.000624,0.002279,0.000266,0.012501,0.040330,0.005974,0.723290,-0.035356,-0.000051,2.999652,0.060468,0.009197,2.902808,-2.025747,-0.002910
7.900000,1580,1000.554331,396.322074,-0.193056,55.372629,-0.003251,2.477120,55.428009,0.000192,0.050774,0.001069,0.000626,0.002134,0.000265,0.012580,0.037751,0.005969,0.722901,-0.044706,-0.000059,1.170713,0.061231,0.011026,2.909129,-2.561446,-0.003364
7.950000,1590,1000.556969,399.095583,-0.190275,55.429668,-0.003639,3.066050,55.514401,0.000224,0.050877,0.001082,0.000628,0.001972,0.000264,0.012659,0.034841,0.005969,0.722473,-0.055258,-0.000066,0.591814,0.061991,0.012861,2.915012,-3.166046,-0.003762
8.000000,1600,1000.528721,401.873502,-0.187482,55.485270,-0.003973,3.732595,55.610678,0.000257,0.050971,0.001095,0.000630,0.001791,0.000263,0.012738,0.031556,0.005975,0.721997,-0.067171,-0.000072,0.479121,0.062749,0.014702,2.920403,-3.848593,-0.004102
8.050000,1610,1000.465420,404.655954,-0.184678,55.538454,-0.004252,4.487387,55.719445,0.000289,0.051055,0.001108,0.000631,0.001587,0.000263,0.012817,0.027844,0.005986,0.721460,-0.080623,-0.000077,0.549944,0.063505,0.016547,2.925241,-4.619340,-0.004387
8.100000,1620,1000.362328,407.443033,-0.181864,55.587873,-0.004477,5.342638,55.844028,0.000321,0.051129,0.001122,0.000633,0.001359,0.000262,0.012895,0.023645,0.006002,0.720846,-0.095817,-0.000081,0.703972,0.064259,0.018397,2.929461,-5.489924,-0.004615
8.150000,1630,1000.214043,410.234785,-0.179041,55.631695,-0.004647,6.312437,55.988681,0.000353,0.051190,0.001135,0.000633,0.001102,0.000262,0.012974,0.018893,0.006024,0.720134,-0.112985,-0.000084,0.907315,0.065012,0.020249,2.932986,-6.473570,-0.004786
8.200000,1640,1000.014393,413.031190,-0.176212,55.667440,-0.004760,7.413122,56.158866,0.000386,0.051238,0.001148,0.000634,0.000814,0.000261,0.013053,0.013508,0.006052,0.719297,-0.132389,-0.000086,1.150578,0.065764,0.022103,2.935731,-7.585336,-0.004899
8.250000,1650,999.756316,415.832127,-0.173380,55.691765,-0.004813,8.663757,56.361630,0.000418,0.051271,0.001161,0.000633,0.000491,0.000261,0.013132,0.007397,0.006085,0.718302,-0.154329,-0.000086,1.433901,0.066514,0.023956,2.937602,-8.842411,-0.004952
8.300000,1660,999.431700,418.637329,-0.170549,55.700164,-0.004806,10.086768,56.606105,0.000450,0.051286,0.001174,0.000632,0.000130,0.000261,0.013211,0.000453,0.006125,0.717103,-0.179149,-0.000086,1.761799,0.067262,0.025807,2.938491,-10.264479,-0.004943
8.350000,1670,999.031193,421.446330,-0.167726,55.686560,-0.004733,11.708800,56.904209,0.000483,0.051283,0.001187,0.000630,-0.000275,0.000260,0.013290,-0.007453,0.006171,0.715642,-0.207244,-0.000085,2.141619,0.068009,0.027653,2.938283,-11.874187,-0.004870
8.400000,1680,998.543961,424.258376,-0.164918,55.642728,-0.004592,13.561901,57.271619,0.000515,0.051258,0.001200,0.000626,-0.000726,0.000259,0.013369,-0.016475,0.006224,0.713844,-0.239071,-0.000083,2.583456,0.068752,0.029489,2.936847,-13.697732,-0.004729
8.450000,1690,997.957367,427.072318,-0.162136,55.557462,-0.004378,15.685200,57.729171,0.000547,0.051209,0.001213,0.000620,-0.001229,0.000258,0.013448,-0.026802,0.006284,0.711607,-0.275162,-0.000079,3.100854,0.069492,0.031312,2.934045,-15.765642,-0.004515
8.500000,1700,997.256556,429.886449,-0.159391,55.415360,-0.004085,18.127344,58.304912,0.000578,0.051133,0.001226,0.000612,-0.001785,0.000256,0.013527,-0.038669,0.006352,0.708795,-0.316146,-0.000074,3.712198,0.070227,0.033116,2.929724,-18.113836,-0.004224
8.550000,1710,996.423880,432.698279,-0.156701,55.194968,-0.003708,20.950151,59.037220,0.000609,0.051029,0.001238,0.000602,-0.002397,0.000253,0.013606,-0.052372,0.006428,0.705222,-0.362768,-0.000067,4.443055,0.070954,0.034894,2.923728,-20.785075,-0.003850
8.600000,1720,995.438091,435.504200,-0.154087,54.865880,-0.003241,24.234261,59.979699,0.000639,0.050892,0.001251,0.000588,-0.003064,0.000250,0.013684,-0.068297,0.006513,0.700630,-0.415930,-0.000059,5.330078,0.071671,0.036635,2.915895,-23.831049,-0.003385
8.650000,1730,994.273168,438.298981,-0.151577,54.383985,-0.002677,28.088217,61.209197,0.000669,0.050721,0.001263,0.000569,-0.003782,0.000244,0.013763,-0.086966,0.006608,0.694648,-0.476744,-0.000049,6.427726,0.072373,0.038330,2.906073,-27.315429,-0.002821
8.700000,1740,992.896536,441.074980,-0.149208,53.683311,-0.002012,32.663713,62.839606,0.000697,0.050512,0.001275,0.000545,-0.004539,0.000237,0.013842,-0.109102,0.006713,0.686729,-0.546611,-0.000037,7.820363,0.073055,0.039962,2.894128,-31.318502,-0.002148
8.750000,1750,991.266234,443.820846,-0.147029,52.661179,-0.001243,38.182662,65.047025,0.000725,0.050265,0.001286,0.000514,-0.005314,0.000227,0.013921,-0.135760,0.006828,0.676033,-0.627349,-0.000024,9.645409,0.073711,0.041514,2.879973,-35.944470,-0.001352
8.800000,1760,989.326163,446.519265,-0.145113,51.149142,-0.000373,44.988605,68.119082,0.000750,0.049979,0.001297,0.000474,-0.006067,0.000213,0.014000,-0.168566,0.006953,0.661195,-0.721405,-0.000007,12.141007,0.074330,0.042963,2.863607,-41.333482,-0.000418
8.850000,1770,986.997477,449.142725,-0.143563,48.850667,0.000583,53.653341,72.560793,0.000773,0.049658,0.001307,0.000423,-0.006728,0.000194,0.014078,-0.210208,0.007088,0.639836,-0.832217,0.000012,15.754086,0.074900,0.044278,2.845179,-47.682548,0.000684
8.900000,1780,984.161479,451.644744,-0.142543,45.190249,0.001584,65.225668,79.350781,0.000793,0.049307,0.001316,0.000358,-0.007177,0.000168,0.014157,-0.265566,0.007227,0.607402,-0.964899,0.000035,21.418536,0.075404,0.045425,2.825098,-55.284651,0.002008
8.950000,1790,980.620772,453.939003,-0.142337,38.879514,0.002525,81.916668,90.675008,0.000809,0.048953,0.001323,0.000278,-0.006457,0.000134,0.014236,-0.300000,0.007362,0.553890,-1.127656,0.000065,31.413445,0.075822,0.046362,2.804775,-64.609920,0.003720
9.000000,1800,975.991432,455.838225,-0.143523,26.298564,0.003081,109.536109,112.648895,0.000821,0.048684,0.001329,0.000183,-0.004216,0.000089,0.014314,-0.300000,0.007464,0.500000,-1.335166,0.000117,52.828506,0.076132,0.047040,2.789408,-76.499371,0.006713
9.050000,1810,969.276775,456.796651,-0.130996,-8.177905,-5.766282,171.275279,171.567332,0.000828,0.048534,0.001332,0.000080,-0.001899,0.000037,0.014393,-0.300000,0.006779,0.500000,-1.618507,-2.527449,123.343970,0.076308,0.047423,2.780795,-92.733634,-144.812145
9.100000,1820,1000.027247,455.391594,-0.216731,55.011175,-0.000021,0.049560,55.011197,0.000002,0.050007,0.001424,0.000283,0.001239,0.000071,0.014472,0.049874,0.007235,0.724972,-0.000901,-0.000000,744.324001,0.081566,0.000093,2.865201,-0.051619,-0.000021
9.150000,1830,1000.155857,458.140562,-0.212818,55.067435,-0.000492,0.320835,55.068370,0.000030,0.050121,0.001433,0.000695,0.002659,0.000251,0.014551,0.048504,0.007232,0.724687,-0.005826,-0.000009,259.827145,0.082082,0.001742,2.871731,-0.333814,-0.000512
9.200000,1840,1000.270512,460.893065,-0.208899,55.124295,-0.001191,0.628504,55.127878,0.000067,0.050255,0.001447,0.000733,0.002651,0.000302,0.014629,0.046955,0.007203,0.724391,-0.011401,-0.000022,90.848493,0.082891,0.003847,2.879389,-0.653234,-0.001238
9.250000,1850,1000.369336,463.649227,-0.204971,55.181684,-0.001906,0.976040,55.190315,0.000105,0.050385,0.001462,0.000738,0.002555,0.000316,0.014708,0.045213,0.007170,0.724080,-0.017686,-0.000035,31.882960,0.083782,0.006000,2.886850,-1.013328,-0.001979
9.300000,1860,1000.450200,466.409186,-0.201033,55.239476,-0.002577,1.368675,55.256430,0.000142,0.050510,0.001478,0.000741,0.002444,0.000318,0.014786,0.043253,0.007142,0.723752,-0.024772,-0.000047,11.275817,0.084693,0.008164,2.894011,-1.419334,-0.002673
9.350000,1870,1000.510692,469.173082,-0.197083,55.297467,-0.003186,1.812430,55.327162,0.000180,0.050629,0.001494,0.000743,0.002319,0.000317,0.014865,0.041046,0.007120,0.723401,-0.032764,-0.000058,4.052153,0.085606,0.010335,2.900833,-1.877255,-0.003302
9.400000,1880,1000.548075,471.941062,-0.193119,55.355349,-0.003732,2.314158,55.403700,0.000218,0.050742,0.001510,0.000745,0.002179,0.000316,0.014944,0.038558,0.007104,0.723021,-0.041781,-0.000067,1.528858,0.086516,0.012511,2.907277,-2.393884,-0.003862
9.450000,1890,1000.559245,474.713272,-0.189141,55.412670,-0.004211,2.881668,55.487548,0.000256,0.050847,0.001526,0.000746,0.002023,0.000315,0.015022,0.035752,0.007095,0.722606,-0.051957,-0.000076,0.695103,0.087421,0.014693,2.913296,-2.976915,-0.004355
9.500000,1900,1000.540676,477.489853,-0.185148,55.468792,-0.004626,3.523878,55.580614,0.000295,0.050943,0.001542,0.000748,0.001847,0.000313,0.015101,0.032584,0.007092,0.722146,-0.063444,-0.000083,0.485977,0.088323,0.016879,2.918840,-3.635060,-0.004779
9.550000,1910,1000.488361,480.270932,-0.181140,55.522825,-0.004976,4.250990,55.685321,0.000333,0.051031,0.001557,0.000749,0.001651,0.000312,0.015179,0.029006,0.007095,0.721629,-0.076414,-0.000090,0.517282,0.089222,0.019069,2.923851,-4.378192,-0.005135
9.600000,1920,1000.397742,483.056614,-0.177119,55.573541,-0.005261,5.074716,55.804760,0.000371,0.051108,0.001573,0.000750,0.001430,0.000311,0.015258,0.024960,0.007105,0.721040,-0.091063,-0.000095,0.651734,0.090117,0.021262,2.928264,-5.217513,-0.005424
9.650000,1930,1000.263625,485.846961,-0.173085,55.619269,-0.005479,6.008546,55.942879,0.000409,0.051173,0.001588,0.000750,0.001182,0.000310,0.015336,0.020381,0.007122,0.720360,-0.107613,-0.000099,0.841955,0.091010,0.023457,2.932006,-6.165748,-0.005645
9.700000,1940,1000.080083,488.641977,-0.169042,55.657744,-0.005631,7.068099,56.104746,0.000448,0.051225,0.001604,0.000750,0.000904,0.000310,0.015415,0.015195,0.007146,0.719563,-0.126316,-0.000101,1.073510,0.091901,0.025651,2.934994,-7.237377,-0.005796
9.750000,1950,999.840334,491.441573,-0.164992,55.685908,-0.005713,8.271561,56.296884,0.000486,0.051263,0.001619,0.000749,0.000592,0.000309,0.015493,0.009312,0.007176,0.718620,-0.147461,-0.000103,1.344490,0.092788,0.027844,2.937138,-8.448913,-0.005878
9.800000,1960,999.536601,494.245533,-0.160942,55.699642,-0.005722,9.640273,56.527736,0.000524,0.051284,0.001635,0.000747,0.000243,0.000308,0.015572,0.002631,0.007214,0.717487,-0.171378,-0.000103,1.658363,0.093673,0.030033,2.938333,-9.819251,-0.005886
9.850000,1970,999.159926,497.053456,-0.156897,55.693392,-0.005656,11.199507,56.808299,0.000562,0.051286,0.001650,0.000744,-0.000149,0.000307,0.015650,-0.004971,0.007259,0.716112,-0.198446,-0.000102,2.021679,0.094555,0.032214,2.938467,-11.370091,-0.005819
9.900000,1980,998.699949,499.864687,-0.152867,55.659649,-0.005511,12.979540,57.152997,0.000600,0.051268,0.001666,0.000739,-0.000586,0.000306,0.015729,-0.013641,0.007312,0.714424,-0.229101,-0.000099,2.443666,0.095433,0.034384,2.937414,-13.126494,-0.005673
9.950000,1990,998.144613,502.678209,-0.148862,55.588211,-0.005280,15.017163,57.580938,0.000638,0.051226,0.001681,0.000733,-0.001072,0.000304,0.015807,-0.023554,0.007373,0.712331,-0.263852,-0.000095,2.936721,0.096307,0.036538,2.935036,-15.117593,-0.005443
10.000000,2000,997.479780,505.492502,-0.144897,55.465093,-0.004960,17.357850,58.117738,0.000675,0.051159,0.001696,0.000724,-0.001612,0.000302,0.015886,-0.034931,0.007443,0.709709,-0.303296,-0.000089,3.517581,0.097173,0.038669,2.931187,-17.377557,-0.005123
10.050000,2010,996.688712,508.305341,-0.140991,55.270902,-0.004542,20.058984,58.798261,0.000712,0.051063,0.001711,0.000712,-0.002207,0.000299,0.015964,-0.048047,0.007523,0.706388,-0.348139,-0.000082,4.209338,0.098031,0.040770,2.925710,-19.946910,-0.004708
10.100000,2020,995.751345,511.113497,-0.137168,54.978312,-0.004020,23.194802,59.670878,0.000748,0.050936,0.001726,0.000696,-0.002858,0.000295,0.016042,-0.063258,0.007614,0.702134,-0.399234,-0.000073,5.044776,0.098877,0.042831,2.918445,-22.874396,-0.004189
10.150000,2030,994.643241,513.912292,-0.133460,54.547982,-0.003387,26.864226,60.804350,0.000783,0.050776,0.001740,0.000675,-0.003562,0.000289,0.016121,-0.081039,0.007715,0.696616,-0.457620,-0.000062,6.072055,0.099707,0.044839,2.909235,-26.219692,-0.003557
10.200000,2040,993.334030,516.694915,-0.129908,53.921662,-0.002637,31.203859,62.299490,0.000816,0.050579,0.001754,0.000649,-0.004309,0.000281,0.016199,-0.102042,0.007828,0.689351,-0.524602,-0.000049,7.364803,0.100515,0.046777,2.897938,-30.057484,-0.002802
10.250000,2050,991.784955,519.451308,-0.126568,53.009870,-0.001765,36.410618,64.310026,0.000849,0.050343,0.001768,0.000614,-0.005082,0.000269,0.016278,-0.127205,0.007953,0.679601,-0.601856,-0.000033,9.041034,0.101294,0.048627,2.884451,-34.483806,-0.001908
10.300000,2060,989.944831,522.166272,-0.123521,51.668339,-0.000775,42.783801,67.082567,0.000879,0.050069,0.001781,0.000570,-0.005847,0.000254,0.016356,-0.157947,0.008090,0.666195,-0.691610,-0.000015,11.301183,0.102033,0.050363,2.868742,-39.626346,-0.000859
10.350000,2070,987.742908,524.815990,-0.120882,49.648998,0.000323,50.809840,71.039868,0.000907,0.049758,0.001793,0.000514,-0.006545,0.000234,0.016434,-0.196559,0.008238,0.647137,-0.796953,0.000007,14.511673,0.102718,0.051953,2.850904,-45.662046,0.000373
10.400000,2080,985.075106,527.361066,-0.118826,46.485978,0.001492,61.352411,76.974441,0.000931,0.049415,0.001804,0.000443,-0.007074,0.000206,0.016512,-0.247073,0.008394,0.618723,-0.922393,0.000032,19.411084,0.103333,0.053358,2.831254,-52.849232,0.001839
10.450000,2090,981.774168,529.730719,-0.117655,41.186725,0.002639,76.147153,86.572139,0.000952,0.049054,0.001813,0.000355,-0.007015,0.000169,0.016591,-0.300000,0.008548,0.573194,-1.074979,0.000064,27.707511,0.103855,0.054531,2.810574,-61.591784,0.003671
10.500000,2100,977.532419,531.779736,-0.117942,31.177531,0.003506,99.410243,104.184619,0.000967,0.048753,0.001820,0.000248,-0.004920,0.000121,0.016669,-0.300000,0.008679,0.500000,-1.266887,0.000112,44.280535,0.104257,0.055419,2.793332,-72.587275,0.006443
10.550000,2110,971.634396,533.130330,-0.121105,7.067907,0.002648,145.449627,145.621253,0.000977,0.048566,0.001824,0.000128,-0.002538,0.000063,0.016747,-0.300000,0.008677,0.500000,-1.522241,0.000375,89.193463,0.104512,0.055972,2.782648,-87.217986,0.021468
10.600000,2120,961.185681,532.030419,-0.131886,-144.167276,3.542182,319.814022,350.824400,0.000861,0.145741,0.001931,0.203975,-193.786434,0.001875,0.016825,-0.300000,-2.169129,0.500000,-1.994303,3.117028,918.834719,0.110652,0.049352,8.350327,-114.265124,178.592529
10.650000,2130,1000.118660,533.765700,-0.190754,55.050492,-0.000360,0.235667,55.050996,0.000023,0.050082,0.001938,0.000759,0.002564,0.000254,0.016904,0.048934,0.008422,0.724774,-0.004281,-0.000007,356.267653,0.111040,0.001339,2.869478,-0.245277,-0.000375
10.700000,2140,1000.237688,536.517126,-0.185439,55.107177,-0.001134,0.532233,55.109748,0.000065,0.050215,0.001953,0.000847,0.002672,0.000341,0.016982,0.047439,0.008386,0.724481,-0.009658,-0.000021,124.488625,0.111920,0.003731,2.877102,-0.553353,-0.001179
10.750000,2150,1000.341473,539.272175,-0.180114,55.164418,-0.001971,0.867297,55.171235,0.000109,0.050346,0.001971,0.000857,0.002586,0.000364,0.017060,0.045757,0.008341,0.724175,-0.015721,-0.000036,43.626704,0.112940,0.006226,2.884641,-0.900733,-0.002048
10.800000,2160,1000.427965,542.030978,-0.174776,55.222107,-0.002769,1.245806,55.236158,0.000152,0.050473,0.001990,0.000859,0.002479,0.000369,0.017138,0.043866,0.008300,0.723853,-0.022556,-0.000050,15.384507,0.113995,0.008737,2.891896,-1.292369,-0.002873
10.850000,2170,1000.494840,544.793675,-0.169424,55.280065,-0.003499,1.673546,55.305392,0.000196,0.050594,0.002008,0.000861,0.002358,0.000369,0.017216,0.041736,0.008265,0.723509,-0.030265,-0.000063,5.494191,0.115054,0.011255,2.898824,-1.734040,-0.003627
10.900000,2180,1000.539464,547.560412,-0.164055,55.338019,-0.004154,2.157108,55.380046,0.000240,0.050709,0.002027,0.000863,0.002223,0.000367,0.017294,0.039336,0.008238,0.723139,-0.038961,-0.000075,2.027721,0.116111,0.013777,2.905386,-2.232292,-0.004301
10.950000,2190,1000.558848,550.331335,-0.158669,55.395566,-0.004732,2.704001,55.461522,0.000285,0.050816,0.002045,0.000864,0.002072,0.000365,0.017372,0.036629,0.008218,0.722735,-0.048774,-0.000085,0.850572,0.117162,0.016304,2.911537,-2.794537,-0.004894
11.000000,2200,1000.549598,553.106588,-0.153264,55.452129,-0.005234,3.322792,55.551594,0.000329,0.050915,0.002063,0.000865,0.001902,0.000363,0.017451,0.033575,0.008207,0.722289,-0.059850,-0.000094,0.513001,0.118209,0.018835,2.917230,-3.429166,-0.005408
11.050000,2210,1000.507858,555.886304,-0.147841,55.506900,-0.005660,4.023277,55.652518,0.000373,0.051006,0.002081,0.000866,0.001712,0.000362,0.017529,0.030125,0.008202,0.721791,-0.072356,-0.000102,0.493369,0.119250,0.021368,2.922407,-4.145690,-0.005843
11.100000,2220,1000.429245,558.670593,-0.142400,55.558763,-0.006011,4.816689,55.767165,0.000417,0.051086,0.002099,0.000867,0.001499,0.000360,0.017607,0.026226,0.008205,0.721225,-0.086479,-0.000108,0.604319,0.120286,0.023903,2.927007,-4.954892,-0.006199
11.150000,2230,1000.308764,561.459535,-0.136943,55.606196,-0.006285,5.715953,55.899205,0.000461,0.051155,0.002117,0.000867,0.001260,0.000359,0.017685,0.021815,0.008216,0.720575,-0.102434,-0.000113,0.780239,0.121319,0.026439,2.930958,-5.869017,-0.006476
11.200000,2240,1000.140720,564.253152,-0.131473,55.647127,-0.006481,6.736006,56.053337,0.000506,0.051211,0.002135,0.000866,0.000991,0.000358,0.017763,0.016820,0.008235,0.719816,-0.120462,-0.000116,0.999957,0.122348,0.028973,2.934182,-6.901993,-0.006673
11.250000,2250,999.918602,567.051387,-0.125993,55.678762,-0.006597,7.894212,56.235604,0.000550,0.051253,0.002153,0.000864,0.000690,0.000356,0.017841,0.011156,0.008261,0.718920,-0.140843,-0.000118,1.258921,0.123373,0.031504,2.936588,-8.069689,-0.006789
11.300000,2260,999.634947,569.854068,-0.120508,55.697335,-0.006631,9.210892,56.453819,0.000594,0.051279,0.002171,0.000862,0.000352,0.000355,0.017919,0.004726,0.008296,0.717849,-0.163891,-0.000119,1.559359,0.124395,0.034030,2.938080,-9.390245,-0.006821
11.350000,2270,999.281174,572.660856,-0.115027,55.697767,-0.006579,10.710042,56.718130,0.000638,0.051287,0.002189,0.000858,-0.000027,0.000354,0.017997,-0.002586,0.008340,0.716554,-0.189970,-0.000118,1.906999,0.125412,0.036546,2.938544,-10.884469,-0.006768
11.400000,2280,998.847370,575.471180,-0.109557,55.673204,-0.006436,12.420304,57.041823,0.000682,0.051275,0.002207,0.000853,-0.000450,0.000352,0.018075,-0.010918,0.008392,0.714968,-0.219499,-0.000116,2.310243,0.126425,0.039049,2.937861,-12.576345,-0.006623
11.450000,2290,998.322023,578.284146,-0.104113,55.614345,-0.006197,14.376322,57.442441,0.000725,0.051241,0.002224,0.000845,-0.000921,0.000350,0.018153,-0.020437,0.008454,0.713008,-0.252963,-0.000111,2.780448,0.127431,0.041534,2.935896,-14.493698,-0.006384
11.500000,2300,997.691666,581.098402,-0.098709,55.508482,-0.005856,16.620683,57.943409,0.000768,0.051182,0.002242,0.000835,-0.001445,0.000348,0.018230,-0.031349,0.008526,0.710560,-0.290930,-0.000105,3.332881,0.128430,0.043993,2.932504,-16.669068,-0.006045
11.550000,2310,996.940407,583.911961,-0.093366,55.338059,-0.005406,19.206775,58.576455,0.000810,0.051095,0.002259,0.000822,-0.002023,0.000344,0.018308,-0.043910,0.008609,0.707470,-0.334072,-0.000098,3.988452,0.129419,0.046419,2.927532,-19.140904,-0.005597
11.600000,2320,996.049272,586.721934,-0.088110,55.078472,-0.004839,22.203118,59.385322,0.000852,0.050978,0.002276,0.000805,-0.002657,0.000340,0.018386,-0.058450,0.008703,0.703525,-0.383191,-0.000088,4.776572,0.130395,0.048801,2.920820,-21.955246,-0.005033
11.650000,2330,994.995270,589.524136,-0.082978,54.694545,-0.004147,25.700158,60.431708,0.000892,0.050828,0.002293,0.000783,-0.003346,0.000333,0.018464,-0.075401,0.008810,0.698429,-0.439267,-0.000076,5.739989,0.131353,0.051125,2.912209,-25.168138,-0.004344
11.700000,2340,993.750019,592.312489,-0.078013,54.134674,-0.003322,29.821381,61.805160,0.000932,0.050642,0.002309,0.000754,-0.004081,0.000325,0.018542,-0.095355,0.008930,0.691751,-0.503514,-0.000061,6.943229,0.132288,0.053375,2.901551,-28.849224,-0.003516
11.750000,2350,992.277610,595.078063,-0.073280,53.320543,-0.002360,34.742355,63.640487,0.000969,0.050418,0.002325,0.000716,-0.004849,0.000313,0.018620,-0.119148,0.009064,0.682845,-0.577482,-0.000044,8.488168,0.133192,0.055528,2.888729,-33.087277,-0.002536
11.800000,2360,990.531153,597.807471,-0.068864,52.127883,-0.001261,40.725396,66.150389,0.001005,0.050155,0.002340,0.000669,-0.005621,0.000297,0.018697,-0.148025,0.009211,0.670698,-0.663209,-0.000024,10.544617,0.134053,0.057559,2.873683,-37.999065,-0.001386
11.850000,2370,988.446807,600.479996,-0.064888,50.347528,-0.000033,48.187584,69.691584,0.001037,0.049855,0.002354,0.000609,-0.006348,0.000275,0.018775,-0.183957,0.009372,0.653620,-0.763481,-0.000001,13.415616,0.134858,0.059433,2.856462,-43.744246,-0.000037
11.900000,2380,985.932596,603.062004,-0.061542,47.598128,0.001292,57.847988,74.913093,0.001067,0.049520,0.002366,0.000533,-0.006942,0.000246,0.018853,-0.230310,0.009542,0.628570,-0.882298,0.000027,17.692421,0.135588,0.061109,2.837304,-50.551978,0.001556
11.950000,2390,982.845106,605.494775,-0.059132,43.101582,0.002634,71.091951,83.137307,0.001091,0.049162,0.002377,0.000438,-0.007254,0.000207,0.018931,-0.293497,0.009716,0.589428,-1.025772,0.000061,24.679658,0.136219,0.062536,2.816767,-58.772432,0.003502
12.000000,2400,978.932758,607.663398,-0.058228,34.974973,0.003782,91.067413,97.552665,0.001111,0.048832,0.002386,0.000322,-0.005601,0.000156,0.019008,-0.300000,0.009873,0.521742,-1.204110,0.000108,37.839681,0.136722,0.063654,2.797851,-68.990422,0.006196
12.050000,2410,973.659266,609.294323,-0.060110,17.177515,0.003917,127.196490,128.351136,0.001124,0.048610,0.002392,0.000188,-0.003255,0.000092,0.019086,-0.300000,0.009946,0.500000,-1.436561,0.000228,69.579420,0.137067,0.064405,2.785124,-82.308903,0.013066
12.100000,2420,965.314176,609.399782,-0.074853,-46.445715,12.762739,230.987770,235.956440,0.001130,0.048533,0.002402,0.000165,-0.026171,0.000484,0.019164,-0.300000,0.054793,0.500000,-1.769225,2.873423,225.593188,0.137608,0.064766,2.780723,-101.369108,164.635026
12.150000,2430,1000.080255,609.391120,-0.134906,55.033604,-0.000206,0.153691,55.033819,0.000014,0.050045,0.002519,0.000747,0.002299,0.000226,0.019241,0.049348,0.009606,0.724859,-0.002793,-0.000004,488.558525,0.144354,0.000815,2.867366,-0.160008,-0.000214
12.200000,2440,1000.203493,612.141482,-0.127987,55.090110,-0.001011,0.439415,55.091863,0.000060,0.050175,0.002535,0.000954,0.002684,0.000371,0.019319,0.047906,0.009568,0.724570,-0.007976,-0.000018,170.628921,0.145253,0.003410,2.874800,-0.456998,-0.001051
12.250000,2450,1000.312055,614.895426,-0.121055,55.147193,-0.001962,0.762460,55.152463,0.000109,0.050307,0.002555,0.000974,0.002615,0.000410,0.019397,0.046283,0.009512,0.724269,-0.013825,-0.000036,59.728783,0.146386,0.006238,2.882406,-0.792116,-0.002039
12.300000,2460,1000.403965,617.653085,-0.114109,55.204762,-0.002889,1.127362,55.216272,0.000159,0.050436,0.002576,0.000977,0.002512,0.000420,0.019474,0.044457,0.009457,0.723951,-0.020419,-0.000052,21.013165,0.147581,0.009094,2.889752,-1.169901,-0.002999
12.350000,2470,1000.476987,620.414595,-0.107145,55.262663,-0.003744,1.539679,55.284108,0.000209,0.050558,0.002597,0.000979,0.002396,0.000420,0.019552,0.042402,0.009410,0.723614,-0.027854,-0.000068,7.468339,0.148788,0.011956,2.896782,-1.595911,-0.003882
12.400000,2480,1000.528584,623.180102,-0.100162,55.320655,-0.004515,2.005750,55.357004,0.000259,0.050675,0.002618,0.000980,0.002265,0.000418,0.019629,0.040086,0.009371,0.723253,-0.036241,-0.000082,2.716940,0.149991,0.014823,2.903458,-2.076452,-0.004676
12.450000,2490,1000.555876,625.949750,-0.093158,55.378375,-0.005197,2.532796,55.436265,0.000309,0.050785,0.002639,0.000981,0.002119,0.000415,0.019707,0.037476,0.009340,0.722860,-0.045704,-0.000094,1.076134,0.151188,0.017694,2.909738,-2.618665,-0.005377
12.500000,2500,1000.555599,628.723686,-0.086132,55.435306,-0.005793,3.129048,55.523546,0.000359,0.050886,0.002659,0.000982,0.001955,0.000413,0.019785,0.034531,0.009319,0.722428,-0.056385,-0.000104,0.566646,0.152378,0.020567,2.915573,-3.230635,-0.005987
12.550000,2510,1000.524041,631.502046,-0.079083,55.490716,-0.006302,3.803916,55.620944,0.000409,0.050980,0.002680,0.000983,0.001771,0.000411,0.019862,0.031205,0.009306,0.721947,-0.068443,-0.000114,0.480484,0.153561,0.023442,2.920911,-3.921519,-0.006507
12.600000,2520,1000.456985,634.284950,-0.072013,55.543591,-0.006724,4.568176,55.731129,0.000459,0.051063,0.002701,0.000983,0.001565,0.000409,0.019940,0.027447,0.009301,0.721403,-0.082060,-0.000121,0.562488,0.154739,0.026317,2.925691,-4.701702,-0.006936
12.650000,2530,1000.349629,637.072487,-0.064922,55.592542,-0.007060,5.434214,55.857510,0.000510,0.051135,0.002721,0.000982,0.001334,0.000407,0.020017,0.023196,0.009306,0.720780,-0.097441,-0.000127,0.722367,0.155911,0.029192,2.929845,-5.582970,-0.007276
12.700000,2540,1000.196498,639.864699,-0.057813,55.635680,-0.007307,6.416327,56.004448,0.000560,0.051196,0.002742,0.000981,0.001075,0.000405,0.020094,0.018384,0.009319,0.720057,-0.114820,-0.000131,0.929896,0.157079,0.032065,2.933295,-6.578718,-0.007525
12.750000,2550,999.991339,642.661557,-0.050691,55.670450,-0.007464,7.531100,56.177544,0.000610,0.051242,0.002762,0.000979,0.000784,0.000404,0.020172,0.012931,0.009341,0.719206,-0.134464,-0.000134,1.177062,0.158241,0.034934,2.935957,-7.704204,-0.007682
12.800000,2560,999.726992,645.462927,-0.043560,55.693407,-0.007528,8.797901,56.384029,0.000660,0.051273,0.002782,0.000976,0.000457,0.000402,0.020249,0.006742,0.009372,0.718192,-0.156676,-0.000135,1.464587,0.159399,0.037795,2.937734,-8.976848,-0.007745
12.850000,2570,999.395230,648.268527,-0.036428,55.699909,-0.007496,10.239537,56.633277,0.000709,0.051287,0.002802,0.000972,0.000091,0.000401,0.020327,-0.000292,0.009413,0.716969,-0.181804,-0.000135,1.797303,0.160551,0.040645,2.938518,-10.416608,-0.007711
12.900000,2580,998.986565,651.077864,-0.029305,55.683694,-0.007363,11.883133,56.937533,0.000759,0.051281,0.002822,0.000966,-0.000318,0.000399,0.020404,-0.008302,0.009464,0.715479,-0.210250,-0.000132,2.182821,0.161698,0.043481,2.938193,-12.046457,-0.007576
12.950000,2590,998.489998,653.890152,-0.022205,55.636281,-0.007123,13.761359,57.312920,0.000808,0.051254,0.002842,0.000958,-0.000774,0.000397,0.020481,-0.017446,0.009525,0.713642,-0.242478,-0.000128,2.631538,0.162838,0.046296,2.936627,-13.892986,-0.007336
13.000000,2600,997.892691,656.704192,-0.015144,55.546107,-0.006770,15.914171,57.780887,0.000857,0.051202,0.002862,0.000947,-0.001282,0.000394,0.020559,-0.027915,0.009598,0.711354,-0.279029,-0.000122,3.157407,0.163969,0.049084,2.933678,-15.987209,-0.006984
13.050000,2610,997.179540,659.518213,-0.008145,55.397262,-0.006296,18.391343,58.370353,0.000905,0.051124,0.002881,0.000933,-0.001844,0.000390,0.020636,-0.039951,0.009683,0.708475,-0.320541,-0.000114,3.779407,0.165089,0.051836,2.929197,-18.365656,-0.006512
13.100000,2620,996.332577,662.329630,-0.001236,55.167549,-0.005693,21.256278,59.120960,0.000952,0.051016,0.002901,0.000915,-0.002461,0.000385,0.020713,-0.053857,0.009781,0.704814,-0.367774,-0.000103,4.524003,0.166195,0.054540,2.923023,-21.071874,-0.005912
13.150000,2630,995.330137,665.134697,0.005544,54.825447,-0.004951,24.591924,60.088205,0.000998,0.050876,0.002920,0.000891,-0.003134,0.000378,0.020791,-0.070031,0.009892,0.700101,-0.421647,-0.000090,5.429264,0.167282,0.057182,2.914998,-24.158593,-0.005174
13.200000,2640,994.145637,667.927986,0.012147,54.325101,-0.004063,28.510316,61.351893,0.001043,0.050701,0.002938,0.000860,-0.003856,0.000369,0.020868,-0.089009,0.010018,0.693954,-0.483297,-0.000075,6.551971,0.168345,0.059746,2.904968,-27.690905,-0.004286
13.250000,2650,992.745712,670.701553,0.018505,53.597692,-0.003022,33.168682,63.030739,0.001086,0.050489,0.002956,0.000821,-0.004617,0.000357,0.020945,-0.111543,0.010159,0.685802,-0.554161,-0.000056,7.980496,0.169374,0.062208,2.892805,-31.751101,-0.003230
13.300000,2660,991.087248,673.443574,0.024526,52.535611,-0.001825,38.798210,65.309200,0.001126,0.050238,0.002973,0.000771,-0.005392,0.000340,0.021022,-0.138730,0.010316,0.674765,-0.636109,-0.000035,9.859584,0.170360,0.064540,2.878426,-36.446335,-0.001990
13.350000,2670,989.112346,676.135952,0.030080,50.961239,-0.000479,45.759105,68.490463,0.001164,0.049949,0.002990,0.000707,-0.006139,0.000318,0.021099,-0.172275,0.010488,0.659405,-0.731665,-0.000009,12.441854,0.171286,0.066707,2.861844,-41.921295,-0.000539
13.400000,2680,986.739153,678.749787,0.034971,48.559276,0.000990,54.655965,73.111407,0.001198,0.049624,0.003004,0.000627,-0.006785,0.000288,0.021177,-0.215016,0.010672,0.637196,-0.844397,0.000020,16.205822,0.172135,0.068665,2.843226,-48.380403,0.001168
13.450000,2690,983.843419,681.235875,0.038883,44.710533,0.002513,66.610704,80.224794,0.001228,0.049271,0.003017,0.000527,-0.007203,0.000247,0.021254,-0.272169,0.010863,0.603246,-0.979647,0.000056,22.164328,0.172881,0.070360,2.823017,-56.129640,0.003220
13.500000,2700,980.215927,683.501724,0.041260,38.003532,0.003916,84.030167,92.224387,0.001252,0.048921,0.003028,0.000403,-0.006251,0.000194,0.021331,-0.300000,0.011044,0.546625,-1.146064,0.000103,32.837987,0.173493,0.071728,2.802943,-65.664636,0.005904
13.550000,2710,975.441200,685.342413,0.040931,24.351866,0.004636,113.427412,116.012031,0.001269,0.048664,0.003036,0.000258,-0.003977,0.000127,0.021408,-0.300000,0.011168,0.500000,-1.359315,0.000190,56.321837,0.173938,0.072701,2.788224,-77.883033,0.010908
13.600000,2720,968.392403,686.133058,0.037497,-15.126704,1.658764,182.563177,183.196295,0.001278,0.048526,0.003032,0.000107,-0.001807,-0.001108,0.021485,-0.300000,-0.566192,0.500000,-1.653465,3.032371,141.910364,0.173720,0.073206,2.780309,-94.736558,173.742065
13.650000,2730,1000.040687,685.016798,-0.039594,55.016773,-0.000066,0.075005,55.016824,0.000005,0.050015,0.003177,0.000566,0.001632,0.000150,0.021562,0.049745,0.010778,0.724944,-0.001363,-0.000001,670.029339,0.182034,0.000284,2.865622,-0.078112,-0.000068
13.700000,2740,1000.167979,687.766103,-0.030862,55.073095,-0.000830,0.349936,55.074207,0.000051,0.050135,0.003192,0.001046,0.002672,0.000386,0.021639,0.048357,0.010746,0.724658,-0.006354,-0.000015,233.917479,0.182873,0.002897,2.872495,-0.364054,-0.000863
13.750000,2750,1000.281140,690.518954,-0.022117,55.130012,-0.001879,0.661384,55.133979,0.000105,0.050268,0.003213,0.001089,0.002643,0.000452,0.021716,0.046790,0.010681,0.724361,-0.011996,-0.000034,81.809848,0.184097,0.006039,2.880147,-0.687334,-0.001953
13.800000,2760,1000.378268,693.275479,-0.013354,55.187448,-0.002935,1.013181,55.196748,0.000161,0.050398,0.003236,0.001094,0.002545,0.000469,0.021793,0.045027,0.010613,0.724048,-0.018357,-0.000053,28.726643,0.185425,0.009236,2.887580,-1.051769,-0.003048
13.850000,2770,1000.457209,696.035814,-0.004572,55.245270,-0.003920,1.410644,55.263278,0.000217,0.050522,0.003260,0.001096,0.002432,0.000471,0.021870,0.043044,0.010552,0.723718,-0.025529,-0.000071,10.170786,0.186775,0.012441,2.894709,-1.462685,-0.004066
13.900000,2780,1000.515519,698.800101,0.004233,55.303267,-0.004811,1.859873,55.334532,0.000273,0.050641,0.003283,0.001097,0.002306,0.000469,0.021947,0.040810,0.010501,0.723364,-0.033618,-0.000087,3.664363,0.188124,0.015650,2.901495,-1.926157,-0.004985
13.950000,2790,1000.550427,701.568486,0.013063,55.361115,-0.005605,2.367811,55.411728,0.000329,0.050752,0.003307,0.001098,0.002164,0.000466,0.022024,0.038292,0.010459,0.722982,-0.042744,-0.000101,1.396076,0.189467,0.018861,2.907898,-2.449065,-0.005800
14.000000,2800,1000.558789,704.341115,0.021918,55.418348,-0.006300,2.942371,55.496405,0.000385,0.050857,0.003330,0.001098,0.002006,0.000463,0.022101,0.035452,0.010427,0.722562,-0.053044,-0.000114,0.655695,0.190800,0.022075,2.913872,-3.039197,-0.006513
14.050000,2810,1000.537033,707.118129,0.030800,55.474307,-0.006897,3.592589,55.590516,0.000441,0.050953,0.003353,0.001099,0.001829,0.000460,0.022178,0.032245,0.010405,0.722097,-0.064671,-0.000124,0.481753,0.192126,0.025289,2.919365,-3.705376,-0.007124
14.100000,2820,1000.481103,709.899653,0.039709,55.528069,-0.007397,4.328809,55.696544,0.000497,0.051039,0.003376,0.001098,0.001630,0.000458,0.022254,0.028623,0.010392,0.721573,-0.077800,-0.000133,0.527308,0.193445,0.028504,2.924319,-4.457599,-0.007633
14.150000,2830,1000.386379,712.685788,0.048642,55.578370,-0.007800,5.162907,55.817657,0.000554,0.051115,0.003399,0.001098,0.001406,0.000455,0.022331,0.024527,0.010389,0.720976,-0.092628,-0.000140,0.668651,0.194756,0.031717,2.928668,-5.307213,-0.008041
14.200000,2840,1000.247599,715.476592,0.057599,55.623486,-0.008105,6.108568,55.957902,0.000610,0.051179,0.003422,0.001096,0.001156,0.000453,0.022408,0.019891,0.010396,0.720286,-0.109382,-0.000146,0.863350,0.196062,0.034926,2.932338,-6.267105,-0.008348
14.250000,2850,1000.058757,718.272060,0.066574,55.661082,-0.008309,7.181647,56.122475,0.000665,0.051230,0.003445,0.001094,0.000875,0.000451,0.022485,0.014639,0.010413,0.719476,-0.128316,-0.000149,1.098811,0.197361,0.038130,2.935246,-7.351946,-0.008553
14.300000,2860,999.812978,721.072093,0.075562,55.688009,-0.008410,8.400617,56.318068,0.000721,0.051266,0.003467,0.001090,0.000559,0.000449,0.022562,0.008682,0.010440,0.718516,-0.149723,-0.000151,1.373864,0.198654,0.041326,2.937298,-8.578470,-0.008653
14.350000,2870,999.502375,723.876459,0.084556,55.700022,-0.008405,9.787171,56.553348,0.000777,0.051285,0.003490,0.001086,0.000205,0.000447,0.022638,0.001914,0.010478,0.717361,-0.173937,-0.000151,1.692342,0.199942,0.044509,2.938393,-9.965832,-0.008646
14.400000,2880,999.117861,726.684737,0.093544,55.691398,-0.008289,11.367029,56.839609,0.000832,0.051285,0.003512,0.001079,-0.000190,0.000445,0.022715,-0.005788,0.010527,0.715959,-0.201342,-0.000149,2.061063,0.201222,0.047676,2.938413,-11.536041,-0.008527
14.450000,2890,998.648922,729.496238,0.102514,55.654397,-0.008055,13.171044,57.191681,0.000887,0.051264,0.003534,0.001070,-0.000632,0.000443,0.022792,-0.014573,0.010588,0.714235,-0.232382,-0.000145,2.489539,0.202495,0.050821,2.937233,-13.314528,-0.008293
14.500000,2900,998.083310,732.309904,0.111446,55.578494,-0.007697,15.236761,57.629229,0.000941,0.051220,0.003556,0.001059,-0.001124,0.000439,0.022869,-0.024622,0.010660,0.712095,-0.267574,-0.000138,2.990536,0.203758,0.053937,2.934715,-15.330884,-0.007935
14.550000,2910,997.406655,735.124154,0.120317,55.449248,-0.007208,17.610679,58.178649,0.000995,0.051151,0.003578,0.001044,-0.001669,0.000435,0.022945,-0.036159,0.010746,0.709411,-0.307524,-0.000130,3.581319,0.205009,0.057014,2.930709,-17.619845,-0.007448
14.600000,2920,996.601922,737.936679,0.129097,55.246607,-0.006577,20.351609,58.875934,0.001048,0.051052,0.003600,0.001024,-0.002270,0.000430,0.023022,-0.049467,0.010846,0.706009,-0.352952,-0.000119,4.285770,0.206245,0.060041,2.925060,-20.222664,-0.006821
14.650000,2930,995.648664,740.744127,0.137747,54.942259,-0.005796,23.535839,59.771126,0.001100,0.050922,0.003621,0.000999,-0.002926,0.000423,0.023098,-0.064912,0.010961,0.701646,-0.404725,-0.000105,5.137903,0.207462,0.063004,2.917607,-23.189037,-0.006044
14.700000,2940,994.521931,743.541644,0.146212,54.495345,-0.004854,27.265365,60.935562,0.001150,0.050758,0.003642,0.000967,-0.003635,0.000414,0.023175,-0.082982,0.011092,0.695978,-0.463907,-0.000089,6.187873,0.208652,0.065884,2.908193,-26.579930,-0.005103
14.750000,2950,993.190644,746.322153,0.154422,53.845170,-0.003744,31.681581,62.474194,0.001198,0.050557,0.003662,0.000926,-0.004386,0.000401,0.023252,-0.104353,0.011239,0.688503,-0.531834,-0.000070,7.512688,0.209809,0.068657,2.896680,-30.471830,-0.003984
14.800000,2960,991.615019,749.075186,0.162282,52.898101,-0.002462,36.989297,64.547790,0.001244,0.050317,0.003681,0.000874,-0.005160,0.000384,0.023328,-0.129999,0.011404,0.678450,-0.610226,-0.000047,9.236432,0.210920,0.071296,2.882971,-34.963388,-0.002666
14.850000,2970,989.742310,751.784875,0.169653,51.502323,-0.001010,43.501671,67.415760,0.001287,0.050039,0.003700,0.000808,-0.005921,0.000361,0.023405,-0.161405,0.011586,0.664587,-0.701383,-0.000020,11.571234,0.211970,0.073763,2.867040,-40.186260,-0.001124
14.900000,2980,987.499209,754.426243,0.176334,49.394802,0.000589,51.731606,71.526257,0.001327,0.049724,0.003717,0.000725,-0.006608,0.000331,0.023481,-0.200985,0.011783,0.644801,-0.808502,0.000012,14.908205,0.212942,0.076012,2.849002,-46.323741,0.000683
14.950000,2990,984.777078,756.957700,0.182008,46.076314,0.002278,62.599362,77.728417,0.001361,0.049379,0.003732,0.000620,-0.007112,0.000289,0.023558,-0.253031,0.011990,0.615128,-0.936283,0.000049,20.044879,0.213807,0.077988,2.829200,-53.645042,0.002833
15.000000,3000,981.399407,759.303728,0.186131,40.466358,0.003913,77.982758,87.856910,0.001390,0.049019,0.003744,0.000491,-0.006845,0.000235,0.023634,-0.300000,0.012193,0.567139,-1.092132,0.000097,28.857561,0.214534,0.079622,2.808574,-62.574562,0.005540
15.050000,3010,977.035760,761.306652,0.187623,29.691305,0.005075,102.557417,106.768898,0.001411,0.048729,0.003754,0.000336,-0.004688,0.000164,0.023710,-0.300000,0.012356,0.500000,-1.288992,0.000171,46.852380,0.215087,0.080841,2.791943,-73.853789,0.009792
15.100000,3020,970.891421,762.541837,0.183710,2.719734,0.002749,152.990820,153.014993,0.001424,0.048554,0.003760,0.000165,-0.002308,0.000081,0.023787,-0.300000,0.012272,0.500000,-1.553021,0.001011,97.930173,0.215426,0.081576,2.781948,-88.981554,0.057910
15.200000,3040,1000.131195,763.390953,0.111578,55.056134,-0.000607,0.263702,55.056765,0.000039,0.050095,0.003923,0.001104,0.002608,0.000380,0.023940,0.048792,0.011919,0.724745,-0.004790,-0.000011,320.730714,0.224764,0.002216,2.870220,-0.274427,-0.000631
15.250000,3050,1000.248784,766.142720,0.122343,55.112878,-0.001724,0.563933,55.115763,0.000098,0.050228,0.003945,0.001201,0.002666,0.000488,0.024016,0.047279,0.011847,0.724451,-0.010232,-0.000031,112.093222,0.226042,0.005633,2.877866,-0.586249,-0.001793
15.300000,3060,1000.350936,768.898122,0.133128,55.170169,-0.002906,0.903104,55.177560,0.000160,0.050359,0.003970,0.001210,0.002576,0.000516,0.024092,0.045578,0.011767,0.724144,-0.016368,-0.000053,39.300010,0.227492,0.009163,2.885380,-0.937815,-0.003018
15.350000,3070,1000.435576,771.657292,0.143935,55.227894,-0.004023,1.286263,55.242871,0.000222,0.050485,0.003997,0.001212,0.002467,0.000521,0.024168,0.043664,0.011693,0.723819,-0.023286,-0.000073,13.871219,0.228984,0.012708,2.892604,-1.334183,-0.004174
15.400000,3080,1000.500350,774.420371,0.154768,55.285866,-0.005041,1.719274,55.312593,0.000284,0.050606,0.004023,0.001213,0.002345,0.000519,0.024245,0.041509,0.011628,0.723473,-0.031088,-0.000091,4.963141,0.230478,0.016257,2.899497,-1.781204,-0.005225
15.450000,3090,1000.542591,777.187504,0.165628,55.343800,-0.005951,2.208815,55.387861,0.000346,0.050720,0.004049,0.001213,0.002209,0.000516,0.024321,0.039080,0.011574,0.723100,-0.039890,-0.000108,1.843344,0.231965,0.019808,2.906020,-2.285507,-0.006161
15.500000,3100,1000.559271,779.958837,0.176519,55.401278,-0.006751,2.762494,55.470109,0.000408,0.050826,0.004074,0.001214,0.002056,0.000512,0.024397,0.036340,0.011531,0.722692,-0.049822,-0.000122,0.792077,0.233442,0.023360,2.912127,-2.854596,-0.006982
15.550000,3110,1000.546954,782.734515,0.187441,55.457702,-0.007443,3.388992,55.561156,0.000470,0.050925,0.004100,0.001214,0.001884,0.000509,0.024473,0.033249,0.011499,0.722242,-0.061034,-0.000134,0.501447,0.234910,0.026911,2.917770,-3.496967,-0.007690
15.600000,3120,1000.501734,785.514667,0.198394,55.512238,-0.008027,4.098239,55.663311,0.000532,0.051014,0.004125,0.001213,0.001692,0.000506,0.024549,0.029757,0.011477,0.721737,-0.073692,-0.000145,0.500267,0.236369,0.030462,2.922893,-4.222251,-0.008285
15.650000,3130,1000.419169,788.299402,0.209378,55.563735,-0.008503,4.901625,55.779518,0.000594,0.051093,0.004151,0.001212,0.001476,0.000503,0.024626,0.025809,0.011467,0.721164,-0.087988,-0.000153,0.619560,0.237819,0.034010,2.927430,-5.041369,-0.008768
15.700000,3140,1000.294201,791.088795,0.220389,55.610620,-0.008871,5.812259,55.913536,0.000655,0.051161,0.004176,0.001210,0.001234,0.000501,0.024702,0.021343,0.011467,0.720504,-0.104139,-0.000160,0.800404,0.239262,0.037554,2.931312,-5.966724,-0.009140
15.750000,3150,1000.121057,793.882862,0.231424,55.650762,-0.009128,6.845303,56.070184,0.000717,0.051216,0.004201,0.001208,0.000962,0.000499,0.024778,0.016285,0.011478,0.719733,-0.122390,-0.000164,1.024092,0.240698,0.041092,2.934458,-7.012423,-0.009398
15.800000,3160,999.893138,796.681535,0.242478,55.681279,-0.009273,8.018388,56.255661,0.000779,0.051256,0.004226,0.001204,0.000657,0.000496,0.024854,0.010549,0.011501,0.718822,-0.143022,-0.000167,1.287030,0.242127,0.044620,2.936777,-8.194549,-0.009542
15.850000,3170,999.602877,799.484628,0.253542,55.698290,-0.009301,9.352168,56.477984,0.000840,0.051281,0.004251,0.001199,0.000316,0.000494,0.024930,0.004037,0.011535,0.717731,-0.166356,-0.000167,1.591885,0.243548,0.048135,2.938170,-9.531488,-0.009568
15.900000,3180,999.241571,802.291784,0.264606,55.696566,-0.009208,10.871054,56.747576,0.000901,0.051287,0.004275,0.001192,-0.000067,0.000491,0.025006,-0.003371,0.011581,0.716409,-0.192760,-0.000165,1.944662,0.244962,0.051632,2.938525,-11.044341,-0.009472
15.950000,3190,998.799159,805.102403,0.275656,55.669039,-0.008988,12.604221,57.078090,0.000962,0.051273,0.004300,0.001182,-0.000494,0.000489,0.025082,-0.011813,0.011639,0.714791,-0.222659,-0.000161,2.354037,0.246366,0.055105,2.937719,-12.757444,-0.009250
16.000000,3200,998.263953,807.915550,0.286672,55.606118,-0.008633,14.587005,57.487574,0.001022,0.051236,0.004324,0.001170,-0.000971,0.000485,0.025158,-0.021462,0.011711,0.712788,-0.256547,-0.000155,2.831701,0.247761,0.058548,2.935617,-14.699049,-0.008895
16.050000,3210,997.622266,810.729822,0.297630,55.494684,-0.008136,16.862929,58.000159,0.001081,0.051174,0.004348,0.001155,-0.001500,0.000481,0.025234,-0.032526,0.011798,0.710283,-0.294999,-0.000147,3.393394,0.249143,0.061950,2.932074,-16.902225,-0.008400
16.100000,3220,996.857930,813.543155,0.308497,55.316594,-0.007486,19.486666,58.648578,0.001140,0.051085,0.004372,0.001135,-0.002084,0.000475,0.025310,-0.045269,0.011899,0.707118,-0.338700,-0.000135,4.060722,0.250509,0.065301,2.926934,-19.406098,-0.007754
16.150000,3230,995.951619,816.352549,0.319233,55.046370,-0.006674,22.528570,59.478058,0.001197,0.050964,0.004396,0.001109,-0.002724,0.000468,0.025385,-0.060028,0.012016,0.703073,-0.388468,-0.000121,4.864172,0.251855,0.068584,2.920039,-22.257584,-0.006947
16.200000,3240,994.879874,819.153663,0.329782,54.647510,-0.005689,26.081799,60.552545,0.001253,0.050811,0.004419,0.001075,-0.003417,0.000459,0.025461,-0.077250,0.012151,0.697841,-0.445302,-0.000104,5.848206,0.253174,0.071781,2.911228,-25.513899,-0.005965
16.250000,3250,993.613670,821.940184,0.340070,54.066304,-0.004521,30.274011,61.965159,0.001307,0.050621,0.004441,0.001033,-0.004157,0.000446,0.025537,-0.097544,0.012304,0.690974,-0.510444,-0.000084,7.080222,0.254458,0.074870,2.900358,-29.246310,-0.004791
16.300000,3260,992.116187,824.702822,0.349996,53.220913,-0.003165,35.287526,63.856676,0.001358,0.050393,0.004463,0.000980,-0.004927,0.000428,0.025613,-0.121781,0.012476,0.681798,-0.585487,-0.000059,8.667153,0.255695,0.077818,2.887314,-33.545920,-0.003407
16.350000,3270,990.339166,827.427617,0.359420,51.980810,-0.001620,41.396278,66.450406,0.001407,0.050127,0.004483,0.000912,-0.005697,0.000405,0.025689,-0.151260,0.012666,0.669248,-0.672527,-0.000031,10.788336,0.256872,0.080591,2.872045,-38.532980,-0.001786
16.400000,3280,988.216578,830.092879,0.368134,50.124775,0.000096,49.038924,70.123527,0.001451,0.049822,0.004502,0.000826,-0.006415,0.000374,0.025764,-0.188050,0.012874,0.651542,-0.774449,0.000002,13.766320,0.257967,0.083139,2.854615,-44.372631,0.000110
16.450000,3290,985.652658,832.663179,0.375823,47.245613,0.001936,58.978949,75.568938,0.001491,0.049485,0.004520,0.000718,-0.006989,0.000333,0.025840,-0.235723,0.013095,0.625434,-0.895410,0.000041,18.237070,0.258956,0.085406,2.835287,-51.303216,0.002348
16.500000,3300,982.496630,835.076102,0.381955,42.500958,0.003779,72.707253,84.218028,0.001524,0.049125,0.004534,0.000585,-0.007248,0.000277,0.025916,-0.300000,0.013318,0.584313,-1.041815,0.000089,25.625024,0.259804,0.087322,2.814663,-59.691618,0.005095
16.550000,3310,978.479999,837.207664,0.385531,33.807149,0.005303,93.683975,99.597242,0.001550,0.048804,0.004546,0.000423,-0.005377,0.000205,0.025992,-0.300000,0.013514,0.512236,-1.224476,0.000157,39.800370,0.260473,0.088805,2.796265,-70.157325,0.008987
16.600000,3320,973.014796,838.754526,0.384214,14.210365,0.005135,132.673735,133.432584,0.001567,0.048594,0.004554,0.000238,-0.003014,0.000117,0.026067,-0.300000,0.013571,0.500000,-1.464096,0.000361,75.228728,0.260919,0.089776,2.784214,-83.886494,0.020703
16.650000,3330,964.093271,838.540025,0.394688,-62.882707,-2.418915,255.202302,262.846535,0.001574,0.048746,0.004578,0.001206,-0.288353,-0.000751,0.026143,-0.300000,1.288846,0.500000,-1.812387,-3.103145,269.933310,0.262278,0.090191,2.792949,-103.842130,-177.797084
16.700000,3340,1000.093188,839.015986,0.304939,55.039227,-0.000366,0.180660,55.039524,0.000025,0.050057,0.004728,0.001085,0.002417,0.000340,0.026218,0.049211,0.013081,0.724831,-0.003282,-0.000007,439.815926,0.270915,0.001418,2.868044,-0.188066,-0.000381
16.750000,3350,1000.215040,841.766678,0.317928,55.095793,-0.001504,0.469978,55.097798,0.000088,0.050188,0.004751,0.001305,0.002682,0.000514,0.026294,0.047752,0.013009,0.724541,-0.008530,-0.000027,153.628991,0.272192,0.005025,2.875568,-0.488732,-0.001564
16.800000,3360,1000.322030,844.520966,0.330938,55.152930,-0.002801,0.796981,55.158688,0.000155,0.050321,0.004778,0.001325,0.002606,0.000560,0.026370,0.046110,0.012918,0.724238,-0.014449,-0.000051,53.796665,0.273749,0.008880,2.883154,-0.827888,-0.002909
16.850000,3370,1000.412157,847.278981,0.343973,55.210540,-0.004053,1.166362,55.222859,0.000223,0.050448,0.004806,0.001327,0.002501,0.000570,0.026445,0.044262,0.012829,0.723919,-0.021123,-0.000073,18.940028,0.275376,0.012761,2.890470,-1.210235,-0.004206
16.900000,3380,1000.483156,850.040862,0.357037,55.268463,-0.005202,1.583756,55.291151,0.000291,0.050570,0.004835,0.001328,0.002383,0.000570,0.026521,0.042182,0.012751,0.723579,-0.028648,-0.000094,6.741467,0.277014,0.016647,2.897466,-1.641401,-0.005392
16.950000,3390,1000.532457,852.806754,0.370133,55.326446,-0.006233,2.055584,55.364619,0.000358,0.050686,0.004863,0.001328,0.002251,0.000566,0.026596,0.039839,0.012684,0.723215,-0.037137,-0.000113,2.462720,0.278645,0.020534,2.904104,-2.127773,-0.006455
17.000000,3400,1000.557147,855.576802,0.383264,55.384114,-0.007145,2.589162,55.444602,0.000426,0.050795,0.004892,0.001328,0.002103,0.000562,0.026671,0.037197,0.012630,0.722819,-0.046715,-0.000129,0.991978,0.280265,0.024421,2.910341,-2.676582,-0.007391
17.050000,3410,1000.553916,858.351152,0.396430,55.440929,-0.007937,3.192832,55.532791,0.000494,0.050896,0.004920,0.001328,0.001938,0.000558,0.026747,0.034216,0.012587,0.722382,-0.057526,-0.000143,0.545391,0.281874,0.028307,2.916129,-3.296012,-0.008203
17.100000,3420,1000.519007,861.129939,0.409632,55.496137,-0.008610,3.876130,55.631337,0.000562,0.050988,0.004948,0.001327,0.001752,0.000555,0.026822,0.030849,0.012556,0.721895,-0.069732,-0.000155,0.483414,0.283473,0.032192,2.921414,-3.995338,-0.008890
17.150000,3430,1000.448148,863.913281,0.422869,55.548689,-0.009166,4.649982,55.742975,0.000630,0.051071,0.004975,0.001326,0.001544,0.000551,0.026898,0.027045,0.012537,0.721344,-0.083515,-0.000165,0.575770,0.285062,0.036073,2.926134,-4.785075,-0.009454
17.200000,3440,1000.336472,866.701262,0.436140,55.597153,-0.009602,5.526951,55.871197,0.000697,0.051142,0.005003,0.001324,0.001310,0.000548,0.026973,0.022742,0.012530,0.720712,-0.099085,-0.000173,0.741224,0.286642,0.039949,2.930220,-5.677160,-0.009896
17.250000,3450,1000.178434,869.493919,0.449441,55.639582,-0.009919,6.521542,56.020475,0.000765,0.051201,0.005030,0.001321,0.001047,0.000546,0.027048,0.017869,0.012535,0.719978,-0.116678,-0.000178,0.952869,0.288213,0.043818,2.933595,-6.685163,-0.010214
17.300000,3460,999.967694,872.291213,0.462767,55.673342,-0.010112,7.650596,56.196555,0.000832,0.051246,0.005058,0.001317,0.000753,0.000543,0.027123,0.012347,0.012552,0.719112,-0.136564,-0.000182,1.203948,0.289776,0.047676,2.936172,-7.824543,-0.010407
17.350000,3470,999.696995,875.093000,0.476109,55.694885,-0.010180,8.933792,56.406852,0.000899,0.051275,0.005085,0.001311,0.000422,0.000540,0.027199,0.006079,0.012581,0.718080,-0.159051,-0.000183,1.495724,0.291331,0.051520,2.937854,-9.112955,-0.010473
17.400000,3480,999.357992,877.898977,0.489456,55.699429,-0.010117,10.394323,56.660996,0.000966,0.051287,0.005112,0.001304,0.000052,0.000537,0.027274,-0.001047,0.012624,0.716834,-0.184492,-0.000182,1.833334,0.292877,0.055345,2.938533,-10.570637,-0.010407
17.450000,3490,998.941059,880.708627,0.502794,55.680519,-0.009917,12.059809,56.971565,0.001032,0.051279,0.005138,0.001294,-0.000361,0.000534,0.027349,-0.009162,0.012680,0.715312,-0.213295,-0.000178,2.224654,0.294414,0.059145,2.938089,-12.220892,-0.010205
17.500000,3500,998.435029,883.521129,0.516103,55.629409,-0.009573,13.963558,57.355141,0.001098,0.051250,0.005165,0.001281,-0.000823,0.000531,0.027424,-0.018429,0.012751,0.713435,-0.245929,-0.000172,2.680389,0.295940,0.062913,2.936390,-14.090715,-0.009859
17.550000,3510,997.826859,886.335237,0.529359,55.534170,-0.009075,16.146377,57.833811,0.001163,0.051196,0.005192,0.001265,-0.001336,0.000526,0.027499,-0.029044,0.012836,0.711096,-0.282946,-0.000163,3.214917,0.297452,0.066640,2.933295,-16.211616,-0.009363
17.600000,3520,997.101189,889.149107,0.542527,55.378362,-0.008415,18.659206,58.437394,0.001227,0.051115,0.005218,0.001244,-0.001903,0.000520,0.027575,-0.041252,0.012938,0.708148,-0.324993,-0.000152,3.847834,0.298947,0.070313,2.928650,-18.620749,-0.008707
17.650000,3530,996.239722,891.960059,0.555565,55.139017,-0.007581,21.567092,59.206847,0.001290,0.051004,0.005243,0.001218,-0.002526,0.000513,0.027650,-0.055365,0.013058,0.704395,-0.372845,-0.000137,4.606543,0.300422,0.073917,2.922298,-21.362471,-0.007878
17.700000,3540,995.220367,894.764205,0.568415,54.783449,-0.006562,24.955383,60.199646,0.001351,0.050860,0.005269,0.001184,-0.003204,0.000503,0.027725,-0.071792,0.013195,0.699559,-0.427441,-0.000120,5.530600,0.301869,0.077433,2.914078,-24.490583,-0.006863
17.750000,3550,994.015958,897.555909,0.581001,54.263976,-0.005347,28.939762,61.498690,0.001411,0.050682,0.005293,0.001141,-0.003931,0.000490,0.027800,-0.091088,0.013352,0.693241,-0.489943,-0.000099,6.679233,0.303281,0.080837,2.903839,-28.071644,-0.005646
17.800000,3560,992.592314,900.326914,0.593220,53.508779,-0.003928,33.683269,63.227779,0.001468,0.050465,0.005317,0.001086,-0.004694,0.000473,0.027875,-0.114030,0.013529,0.684846,-0.561822,-0.000073,8.145053,0.304646,0.084099,2.891456,-32.190026,-0.004206
17.850000,3570,990.905115,903.064899,0.604926,52.405023,-0.002303,39.426893,65.580228,0.001522,0.050211,0.005340,0.001017,-0.005469,0.000450,0.027950,-0.141763,0.013727,0.673454,-0.645003,-0.000044,10.080624,0.305949,0.087181,2.876854,-36.955955,-0.002518
17.900000,3580,988.894577,905.750944,0.615912,50.765280,-0.000483,46.548589,68.875866,0.001571,0.049917,0.005361,0.000930,-0.006210,0.000419,0.028025,-0.176074,0.013945,0.657548,-0.742094,-0.000010,12.754136,0.307171,0.090036,2.860056,-42.518878,-0.000546
17.950000,3590,986.475666,908.354668,0.625862,48.253966,0.001492,55.688271,73.686014,0.001616,0.049589,0.005381,0.000820,-0.006840,0.000377,0.028100,-0.219965,0.014179,0.634443,-0.856800,0.000031,16.678483,0.308285,0.092603,2.841252,-49.091024,0.001771
18.000000,3600,983.518185,910.823936,0.634260,44.203919,0.003522,68.047767,81.144840,0.001655,0.049234,0.005398,0.000683,-0.007225,0.000322,0.028174,-0.279015,0.014419,0.598876,-0.994701,0.000080,22.953860,0.309258,0.094811,2.820923,-56.992194,0.004565
18.050000,3610,979.800035,913.059490,0.640176,37.065198,0.005352,86.252902,93.879668,0.001686,0.048890,0.005411,0.000516,-0.006038,0.000249,0.028249,-0.300000,0.014644,0.538878,-1.164929,0.000144,34.374884,0.310049,0.096576,2.801167,-66.745499,0.008273
18.100000,3620,974.870288,914.836437,0.641589,22.204958,0.006111,117.635710,119.713076,0.001707,0.048644,0.005421,0.000320,-0.003737,0.000157,0.028324,-0.300000,0.014777,0.500000,-1.384231,0.000275,60.227127,0.310612,0.097807,2.787105,-79.310600,0.015769
18.150000,3630,967.445508,915.433765,0.622740,-23.471566,10.497317,195.814928,197.495808,0.001718,0.048519,0.005419,0.000129,-0.002100,-0.000323,0.028399,-0.300000,0.179716,0.500000,-1.690093,2.721040,164.306634,0.310470,0.098422,2.779911,-96.835209,155.904114
18.200000,3640,1000.054003,914.641143,0.554779,55.022377,-0.000147,0.100853,55.022469,0.000011,0.050024,0.005608,0.000897,0.001924,0.000249,0.028474,0.049615,0.014228,0.724916,-0.001833,-0.000003,603.172693,0.321327,0.000617,2.866138,-0.105020,-0.000154
18.250000,3650,1000.179961,917.390768,0.570193,55.078761,-0.001227,0.379398,55.080068,0.000074,0.050148,0.005629,0.001393,0.002680,0.000524,0.028548,0.048208,0.014165,0.724629,-0.006888,-0.000022,210.601414,0.322518,0.004228,2.873262,-0.394663,-0.001276
